subject,rel_between_session,rel_within_session_run1
100206,0.6002005,0.54567224
100307,0.5560747,0.15114556
100408,0.4245691,0.06648693
100610,0.58755153,0.36522242
101006,0.6263233,0.5442317
101107,0.4711251,0.35680175
101309,0.6132873,0.38480023
101915,0.50180626,0.3612672
102008,0.40255067,0.32090774
102109,0.49374717,0.3781668
102311,0.23845693,0.08572068
102513,0.21463364,0.3514888
102614,0.55299026,0.52852106
102715,0.45989138,0.36769888
102816,0.36600265,0.25009277
103010,0.5792282,0.44262725
103111,0.56353396,0.5217149
103212,0.37088296,0.36637852
103414,0.44797248,0.24314564
103515,0.3873662,0.32118058
103818,0.5430322,0.37070295
104012,0.5233936,0.41198692
104416,0.4978898,0.35078785
104820,0.62178123,0.17788658
105014,0.50464976,0.1894841
105115,0.58130676,0.29240304
105216,0.53217787,0.58341706
105620,0.5343774,0.49986988
105923,0.40336117,0.24782906
106016,0.5272303,0.38641948
106319,0.57501173,0.37708056
106521,0.5180291,0.44185764
106824,0.63600165,0.39679408
107018,0.15979849,0.313308
107321,0.33634642,0.24894118
107422,0.36916476,0.35035264
107725,0.453468,0.32642123
108020,0.36138803,0.3119123
108121,0.53549373,0.4797205
108222,0.5807149,0.40128198
108323,0.6241536,0.006959965
108525,0.6965633,0.49418133
108828,0.5670685,0.21465412
109123,0.45797828,0.19185401
109325,0.6589377,0.42872682
109830,0.42663923,0.37909928
110007,0.57225007,0.30634367
110411,0.3461561,0.3903036
110613,0.046163216,0.49934706
111009,0.6353489,0.4140209
111211,0.54307604,0.47261292
111312,0.6861333,0.5085218
111413,0.40839413,0.54337406
111514,0.5224495,0.4573265
111716,0.5222081,0.2792486
112112,0.5858681,0.1992504
112314,0.48349997,0.5671073
112516,0.5125465,0.29626036
112920,0.5301746,0.2760595
113215,0.5480446,0.23359774
113316,0.43494117,0.3177787
113619,0.65224254,0.45757127
113922,0.28236273,0.34600627
114217,0.40201262,0.4493941
114318,0.5761673,0.3036893
114419,0.44995353,0.3543469
114621,0.5080115,0.15774418
114823,0.4561406,0.39613074
114924,0.39896768,0.19701284
115017,0.40001112,0.42794836
115219,0.57259357,0.377629
115320,0.5748081,0.23458943
115724,0.5711508,0.32485864
115825,0.42061844,0.37182018
116524,0.44103163,0.22125852
116726,0.54276145,0.34149644
117021,0.77507037,0.5301382
117122,0.4879898,0.14969158
117324,0.40784895,0.106680505
117930,0.60356504,0.29706162
118023,0.44922975,0.18322656
118124,0.6424346,0.4214677
118225,0.4828267,0.3100084
118528,0.7050991,0.49973992
118730,0.49189803,0.42757067
118831,0.5047873,0.3195484
118932,0.5071633,0.40508074
119025,0.6118234,0.5124091
119126,0.5616731,0.36166278
119732,0.56437016,0.4299271
119833,0.38501245,0.30625165
120111,0.59668577,0.5183863
120212,0.66964287,0.4575244
120414,0.46527034,0.5782655
120515,0.47304222,0.2745789
120717,0.36763567,0.26288298
121416,0.14772955,0.48156878
121618,0.49429727,0.31071144
121921,0.4920667,0.26500043
122317,0.42214498,0.32678244
122620,0.52407193,0.21704292
122822,0.57989323,0.2576472
123117,0.28106934,0.38006735
123420,0.30661294,0.24811044
123521,0.5553933,0.27847221
123723,0.46305308,0.43350816
123824,0.33746222,0.24010113
123925,0.3561217,0.3231151
124220,0.42290175,0.29338512
124422,0.65952647,0.47701553
124624,0.28194174,0.40771076
124826,0.64095414,0.53844494
125222,0.5847063,0.5331289
125424,0.47580755,0.112914525
125525,0.4294793,0.24294692
126325,0.38216287,0.21081713
126426,0.5829147,0.4936442
126628,0.51261413,0.29508686
127226,0.35465738,0.16949992
127327,0.34901989,0.34582743
127630,0.4541069,0.2713541
127731,0.15531757,0.35834974
127832,0.54547435,0.32800537
127933,0.37662607,0.32896557
128026,0.59125,0.4459971
128127,0.5019095,0.10430894
128632,0.6907447,0.4127191
128935,0.49276337,0.31153652
129028,0.55870706,0.3286058
129129,0.48394677,0.31118643
129331,0.2296825,0.17307447
129634,0.5374492,0.42267048
130013,0.34725806,0.34939232
130114,0.36238077,0.17197968
130316,0.47688782,0.41756114
130417,0.40358886,0.14423501
130518,0.37802225,0.2878891
130619,0.64587784,0.4912016
130720,0.42845386,0.4574655
130821,0.49580455,0.37854838
130922,0.5388754,0.3352508
131217,0.4842432,0.37280035
131419,0.48125026,0.227212
131722,0.37789443,0.30182615
131823,0.57974887,0.29375345
131924,0.3750632,0.30013883
132017,0.59614265,0.26085135
132118,0.6252766,0.5018829
133019,0.4313141,0.3384676
133625,0.5478244,0.40032807
133827,0.45943964,0.45808616
133928,0.3684116,0.24267262
134021,0.6455748,0.3642923
134223,0.3784405,0.39126232
134324,0.5794847,0.48030928
134425,0.44536442,0.24479885
134627,0.40449193,0.34278125
134728,0.26870954,0.5020347
134829,0.77380776,0.5815429
135124,0.6135929,0.35758868
135225,0.5633356,0.4272404
135528,0.44003826,0.3498009
135629,0.43659523,0.37328517
135730,0.43900478,0.37000385
135932,0.2890755,0.45653293
136126,0.35582057,0.37469822
136227,0.48567334,0.37187082
136631,0.64037645,0.5453246
136732,0.51065135,0.34136343
136833,0.47544795,0.4149926
137027,0.5813724,0.39176106
137128,0.6543674,0.5004046
137229,0.55840373,0.50570136
137431,0.44672653,0.37358856
137532,0.59533095,0.47504026
137633,0.45434672,0.5141661
137936,0.7407409,0.48244256
138130,0.5770297,0.5671091
138231,0.5258421,0.48472
138332,0.4101344,0.3340861
138534,0.4512658,0.37884468
138837,0.57214385,0.41899812
139233,0.54620874,0.45863754
139435,0.38833043,0.39217195
139637,0.41214165,0.16695945
139839,0.66338754,0.3717105
140117,0.65912193,0.47538802
140319,0.5016558,0.4370219
140420,0.665647,0.4834559
140824,0.4476619,0.4034703
140925,0.7210223,0.5902448
141119,0.43914318,0.06141772
141422,0.46234125,0.24298541
141826,-0.001941575,0.3993098
142828,0.43310425,0.44403517
143224,0.5805225,0.5049498
143325,0.48307025,0.31421378
143426,0.39045843,0.34554392
143830,0.34955025,0.21607749
144125,0.6138017,0.5064519
144226,0.4768841,0.50720054
144428,0.22299287,0.26237053
144731,0.6374668,0.5031181
144832,0.46136677,0.33774248
144933,0.5059424,0.27466097
145127,0.5228668,0.22837585
145632,0.30423075,0.5679342
145834,0.41582227,0.28749532
146129,0.30709824,0.29289627
146331,0.16785464,0.45728257
146432,0.37641975,0.23894615
146533,0.7130524,0.5127629
146735,0.65018207,0.43488666
146836,0.67196745,0.4038034
146937,0.554369,0.38078892
147030,0.46910322,0.28016552
147636,0.4880914,0.24413812
147737,0.56059754,0.44999352
148032,0.58132243,0.5733376
148133,0.58796334,0.34546036
148335,0.5371139,0.39114302
148436,0.32854015,0.47684315
148840,0.3270066,0.22231412
148941,0.3972299,0.397448
149236,0.53329927,0.33865598
149337,0.67406535,0.5780699
149539,0.47690773,0.30544227
149741,0.45044634,0.21094733
149842,0.6693133,0.46812272
150423,0.18844107,0.5056683
150625,0.5009233,0.3509239
150726,0.47166178,0.3434297
150928,0.50178605,0.41164628
151223,0.4568902,0.25647873
151324,0.16745582,0.2237624
151425,0.6039528,0.4861619
151526,0.71009296,0.4193997
151627,0.63512635,0.50770104
151728,0.3846392,0.22894596
151829,0.5898999,0.4825042
151930,0.4123461,0.4337524
152225,0.45648745,0.29224283
152427,0.70697904,0.41073126
152831,0.43837738,0.29595792
153025,0.37786084,0.5039945
153126,0.585377,0.47553647
153227,0.5575527,0.43656248
153429,0.6714007,0.4727335
153631,0.47038645,0.34913674
153732,0.49940214,0.44702536
153833,0.5343567,0.24611488
153934,0.34164888,0.36383432
154229,0.44941282,0.43147084
154330,0.47216213,0.2754436
154431,0.49136227,0.27971783
154532,0.5812565,0.37691954
154734,0.5268759,0.39029783
154835,0.60005814,0.35830793
154936,0.539922,0.35778713
155635,0.47656026,0.404209
155938,0.5281267,0.3277994
156031,0.5545052,0.36577532
156233,0.27721587,0.2912147
156334,0.36543658,0.42500594
156435,0.6122308,0.33387572
156536,0.5173075,0.2994168
156637,0.39380068,0.28692406
157336,0.53048587,0.3949673
157437,0.5607458,0.27394626
157942,0.633071,0.46624467
158035,0.40377325,0.27666762
158136,0.54105574,0.3612728
158338,0.49451053,0.39144853
158540,0.35615933,0.4342579
158843,0.48149914,0.41231441
159138,0.3344083,0.24760582
159239,0.50482213,0.54327893
159340,0.63984436,0.5443872
159441,0.29272434,0.33900362
159744,0.4984918,0.3543205
159946,0.44170654,0.305944
160123,0.43851355,0.20675705
160729,0.5214639,0.31588826
160830,0.38234195,0.16292262
161327,0.3916817,0.27478877
161630,0.43196383,0.35296088
161731,0.5914397,0.27368847
161832,0.27294946,0.49113095
162026,0.41939476,0.28651774
162228,0.5934783,0.42154977
162329,0.5904573,0.22875622
162733,0.5121523,0.19422069
162935,0.61716425,0.4534118
163129,0.40915704,0.43443105
163331,0.48960036,0.300016
163432,0.47683173,0.4108783
163836,0.45994785,0.32889992
164030,0.41893643,0.38708723
164131,0.51838404,0.25657296
164636,0.52779067,0.43226033
164939,0.45545763,0.38492823
165032,0.3700802,0.43373704
165436,0.48026282,0.30814573
165638,0.4828298,0.28952256
165840,0.62503463,0.3791208
165941,0.110711455,0.3828022
166438,0.44891682,0.4957382
166640,0.6348235,0.31212828
167036,0.5528254,0.4303998
167238,0.5762931,0.41895238
167440,0.5074718,0.3862547
167743,0.6195531,0.51904404
168139,0.49605298,0.27510566
168240,0.5894358,0.40184468
168341,0.7518024,0.55513763
168745,0.47981647,0.40680867
168947,0.54692477,0.3581163
169040,0.3867754,0.41577843
169343,0.6907084,0.48371547
169444,0.42983449,0.4061248
169545,0.39145878,0.35830557
169747,0.62650454,0.35546136
169949,0.4282089,0.29078248
170631,0.41848853,0.441151
171330,0.64008546,0.4844262
171431,0.2912347,0.19525011
171532,0.42126566,0.27463382
171633,0.42017898,0.36867243
172029,0.54399973,0.45725173
172130,0.65272343,0.5626987
172332,0.4731359,0.34881946
172433,0.5632504,0.5836453
172534,0.4389886,0.35235834
172938,0.54205185,0.36130488
173334,0.5280134,0.34629276
173435,0.6108848,0.52291495
173536,0.4873588,0.4518101
173637,0.3628762,0.2802521
173738,0.38214102,0.47015128
173839,0.44130114,0.3925928
173940,0.5122172,0.44468698
174437,0.28235155,0.18638764
174841,0.4314837,0.40975422
175035,0.6197205,0.33863726
175136,0.33908653,0.28311908
175237,0.37382358,0.18140973
175338,0.45561704,0.27226663
175439,0.46708375,0.38015166
175540,0.52420926,0.3464376
175742,0.5308884,0.36711606
176037,0.4354685,0.29235697
176239,0.42230254,0.23039229
176441,0.56823516,0.49751818
176542,0.3803128,0.38628733
176744,0.5813918,0.3649258
176845,0.32858798,0.26666886
177140,0.6673367,0.48426384
177241,0.4478451,0.1773689
177645,0.47632083,0.59822625
177746,0.51132196,0.36687648
178142,0.38951525,0.31588987
178243,0.50670785,0.2904096
178647,0.546518,0.41390583
178748,0.36189988,0.45511818
178849,0.54783994,0.37291214
178950,0.5042777,0.30310902
179245,0.6793668,0.47000208
179346,0.48807624,0.29524776
180129,0.55805504,0.418673
180230,0.6193922,0.29073018
180432,0.59025204,0.44270092
180533,0.6886997,0.48403284
180735,0.51493824,0.35514736
180836,0.18563709,0.41518518
180937,0.3095318,0.114195205
181131,0.48097378,0.36033234
181232,0.63550496,0.30362323
181636,0.37812996,0.2490709
182032,0.5675768,0.5745365
182436,0.47225463,0.30028808
182739,0.45556056,0.21736804
182840,0.53655696,0.39316592
183034,0.25872856,0.44844875
183337,0.20243913,0.19713296
185038,0.46305662,0.35375753
185139,0.5577397,0.43309912
185341,0.47184473,0.39193624
185442,0.49426976,0.27247143
185846,0.37625393,0.37897113
185947,0.4001199,0.40620348
186040,0.45169845,0.42355606
186141,0.53209454,0.33980542
186444,0.37733442,0.3525597
186545,0.52890825,0.26034215
186848,0.41185242,0.29699388
187143,0.45822877,0.33979377
187345,0.4167494,0.41900682
187547,0.56521094,0.4537038
187850,0.44356927,0.33241668
188145,0.38806778,0.3257227
188347,0.5574425,0.20764269
188448,0.52797514,0.4513367
188549,0.4201085,0.46143854
188751,0.39929056,0.12074048
189349,0.6118518,0.43505195
189450,0.35655874,0.26142922
189652,0.49631593,0.37349153
190031,0.51718336,0.3830882
191033,0.5092771,0.47172585
191235,0.50417435,0.31786326
191336,0.5983818,0.47337776
191437,0.5302714,0.3222831
191841,0.42331716,0.39754084
191942,0.43928006,0.44888496
192035,0.50523627,0.38636228
192136,0.55648786,0.2947922
192237,0.50783443,0.34137976
192439,0.6909942,0.53534126
192540,0.66443574,0.5328389
192641,0.50974023,0.40156648
192843,0.41787705,0.23598514
193239,0.32597786,0.23163831
193845,0.46519324,0.28386092
194140,0.5114077,0.3403528
194443,0.48534605,0.3991465
194645,0.377235,0.35326168
194746,0.47231337,0.11260418
194847,0.49043733,0.4643255
195041,0.71389484,0.5202972
195445,0.7097399,0.57390416
195647,0.5410278,0.39423513
195849,0.35119718,0.29147643
195950,0.5265328,0.50406575
196144,0.4912411,0.2535595
196346,0.56788224,0.38017255
196750,0.46711767,0.14738066
196952,0.68768054,0.36189416
197348,0.4124268,0.3019508
197550,0.66587514,0.44695243
198047,0.4763626,0.34386644
198249,0.32245567,0.13742635
198350,0.4847028,0.23231748
198451,0.41783905,0.28844824
198653,0.34595504,0.49906224
198855,0.4160143,0.25262782
199150,0.3933505,0.3323052
199251,0.4785289,0.30821106
199352,0.4805942,0.18420583
199453,0.40173686,0.4693627
199655,0.37479514,0.26182944
199958,0.4516303,0.34710044
200008,0.54167473,0.38506824
200109,0.6787726,0.53005195
200311,0.6275496,0.40390477
200513,0.62049186,0.5030227
200614,0.54582703,0.23906654
200917,0.52310294,0.32847193
201111,0.5867144,0.24421959
201414,0.64806545,0.38633114
201515,0.34385708,0.24877663
201818,0.6430385,0.46907398
202113,0.40797314,0.21142565
202719,0.7427649,0.64114183
202820,0.43421042,0.23105003
203418,0.6260262,0.42748117
203923,0.35208008,0.13965516
204016,0.61185074,0.4241858
204218,0.75011015,0.49988154
204319,0.398426,0.44768512
204420,0.27148682,0.008993947
204521,0.6642659,0.36318526
204622,0.46720988,0.52381814
205119,0.3886891,0.27543926
205220,0.41296163,0.5837275
205725,0.4389778,0.33557668
205826,0.47774792,0.22827446
206222,0.64879745,0.4567932
206323,0.48608798,0.44041324
206525,0.64766437,0.4442988
206727,0.5534892,0.3849706
206828,0.599884,0.38383284
206929,0.4105867,0.09395374
207123,0.23285021,0.16254912
207426,0.26811016,0.13597603
208024,0.5695173,0.37823933
208125,0.60404634,0.43592903
208226,0.46037263,0.35008714
208327,0.62676173,0.45871097
208630,0.55020213,0.26101053
209127,0.58153814,0.3317743
209228,0.47520563,0.3362059
209329,0.63872606,0.47545776
209834,0.4884511,0.2789184
209935,0.53057563,0.44339612
210011,0.48769972,0.52512693
210112,0.4476909,0.4270295
210415,0.45941722,0.28277594
210617,0.57432336,0.5676159
211114,0.6275705,0.31644362
211215,0.5756271,0.34397417
211316,0.44771847,0.20869035
211417,0.54990095,0.38111895
211619,0.48817113,0.29282162
211720,0.52462745,0.23989244
211821,0.5557748,0.3943943
211922,0.47244424,0.33596832
212015,0.40988886,0.27440158
212116,0.42030522,0.3192254
212217,0.59987104,0.42839023
212318,0.54445106,0.40730882
212419,0.31882104,0.42764
212823,0.5277014,0.4372475
213017,0.42948076,0.24042855
213421,0.4671098,0.31121284
213522,0.5588487,0.41904685
214019,0.47483468,0.24214609
214221,0.44559023,0.51950073
214423,0.21015824,0.3494088
214524,0.5407969,0.3975846
214625,0.5743202,0.4929467
214726,0.46564475,0.20070474
217126,0.6237086,0.2777478
217429,0.45473433,0.30557996
219231,0.6775834,0.5169566
220721,0.43343216,0.2861064
221319,0.49569038,0.35928532
223929,0.46307358,0.28922665
224022,0.2777475,0.048382923
227432,0.47566885,0.33736426
227533,0.40041807,0.4421438
228434,0.42418635,0.35146454
231928,0.54151624,0.44038883
233326,0.3794993,0.5313134
236130,0.62210923,0.4653233
237334,0.63070446,0.44837582
238033,0.55137724,0.64510477
239136,0.5412841,0.34476212
239944,0.5730733,0.45689043
245333,0.47341442,0.28567523
246133,0.4706238,0.35372066
248339,0.28342104,0.3135191
249947,0.64838505,0.5082771
250427,0.19698223,0.37765175
250932,0.538136,0.2785767
251833,0.48369825,0.37160304
255639,0.49833786,0.29074863
255740,0.59749883,0.53346425
256540,0.5676056,0.2306866
257542,0.46908367,0.3469347
257845,0.5121079,0.32043388
257946,0.4635025,0.41951028
263436,0.5004728,0.3800868
268749,0.48623255,0.428943
268850,0.5518486,0.33415493
270332,0.6065281,0.4449199
274542,0.55175114,0.37965164
275645,0.5739743,0.48303515
280739,0.42996225,0.2513369
280941,0.65487033,0.4132634
281135,0.70744306,0.5489372
283543,0.5179779,0.25706348
284646,0.14611675,0.19747508
285345,0.59510857,0.44349268
285446,0.49239254,0.43455845
286347,0.1583746,0.4446558
286650,0.52240515,0.3093069
287248,0.29059464,0.23458476
289555,0.055428457,0.4031141
290136,0.4519965,0.342397
293748,0.50127995,0.3202561
295146,0.5985689,0.48404956
297655,0.29965812,0.33623037
298051,0.3989473,0.34865037
298455,0.5102807,0.20175563
299154,0.45701733,0.38026714
299760,0.44268978,0.32713684
300618,0.43820912,0.38431174
300719,0.664327,0.46938932
303119,0.40559345,0.35868052
303624,0.57354647,0.22333373
304020,0.45831433,0.29775265
304727,0.50669706,0.4028423
305830,0.34293675,0.3491959
307127,0.40253115,0.24486579
308129,0.54132015,0.42400798
308331,0.6789504,0.47182155
309636,0.532919,0.5590636
310621,0.5384433,0.34996164
311320,0.54840416,0.3869629
314225,0.49478775,0.18494773
316633,0.40885282,0.33053866
316835,0.387781,0.39268202
317332,0.25277627,0.35980254
318637,0.31206062,0.35737658
320826,0.39210045,0.21554236
321323,0.40166253,0.552286
322224,0.43426093,0.27490455
325129,0.46714777,0.21594313
329440,0.52222866,0.43887487
329844,0.3700637,0.07586541
330324,0.5216301,0.23992853
333330,0.5288152,0.46406022
334635,0.6269027,0.3704152
336841,0.43172085,0.4365132
339847,0.45406184,0.2552288
341834,0.6067756,0.45767593
342129,0.11332049,0.37959158
346137,0.48412713,0.28122225
346945,0.57854784,0.33067313
348545,0.35809964,0.29554075
349244,0.5566652,0.28188968
350330,0.5000317,0.27643982
352132,0.5769554,0.10167236
352738,0.49074683,0.49928236
353740,0.36580193,0.19100882
356948,0.53846973,0.33981463
358144,0.573173,0.52189296
360030,0.5021314,0.2993679
361234,0.64749867,0.45773697
361941,0.3865976,0.21614178
365343,0.5231819,0.39710054
366042,0.4109116,0.19350025
366446,0.74475294,0.5446337
368551,0.48951313,0.25329003
368753,0.52410966,0.29412845
371843,0.37901562,0.31519547
376247,0.6246831,0.3474836
377451,0.30526477,0.4534541
378756,0.21308039,0.24126895
378857,0.5905738,0.46918854
379657,0.4838507,0.23815307
380036,0.44657543,0.32671338
381038,0.5546969,0.27570352
381543,0.6454872,0.47610742
382242,0.49396986,0.52966696
385046,0.40062836,0.30665937
385450,0.5796267,0.3918492
386250,0.5100755,0.14071167
387959,0.31639415,0.3897828
389357,0.6394743,0.3989739
390645,0.56715244,0.061050884
391748,0.5652281,0.39270726
392447,0.42429298,0.10956722
392750,0.68247396,0.41866836
393247,0.51961946,0.16688496
393550,0.5064248,0.41709733
394956,0.6368815,0.40907228
395251,0.56109744,0.27853358
395756,0.6487863,0.4926545
395958,0.3805517,0.22524048
397154,0.3902645,0.46919802
397760,0.4527382,0.29429314
397861,0.48853636,0.34185728
401422,0.31088707,0.3304187
406432,0.33091605,0.32440412
406836,0.49802735,0.39671513
412528,0.5172324,0.33084098
413934,0.58219117,0.3514335
414229,0.70436966,0.3831968
415837,0.5557709,0.29022607
419239,0.53967863,0.37385023
421226,0.61900276,0.4253161
422632,0.36873162,0.3184595
424939,0.44927537,0.3567997
429040,0.5770829,0.6194248
432332,0.4813416,0.13568018
433839,0.4830839,0.27513358
436239,0.524431,0.4812432
436845,0.5198319,0.4048939
441939,0.39564925,0.3981999
445543,0.61487275,0.46340424
448347,0.33342236,0.31457692
449753,0.6451575,0.41013953
453441,0.52914774,0.3869862
453542,0.40617463,0.25887147
454140,0.44594994,0.30239737
456346,0.48475182,0.2947222
459453,0.55760634,0.5101795
461743,0.30684727,0.4074394
463040,0.51648223,0.453625
465852,0.60550284,0.4260681
467351,0.4985264,0.25692943
468050,0.56604075,0.40885726
469961,0.4949446,0.29585344
475855,0.48110983,0.27696475
479762,0.45976138,0.1838149
480141,0.5030331,0.5040945
481042,0.6212716,0.41344962
481951,0.2782475,0.57308465
485757,0.48873928,0.25555155
486759,0.43894655,0.29119664
495255,0.6242433,0.5025784
497865,0.51100904,0.26482657
499566,0.3640718,0.47059014
500222,0.48535687,0.5854836
506234,0.47405726,0.34507006
510225,0.52980196,0.57610464
510326,0.568897,0.59403586
512835,0.4745009,0.34062162
513130,0.6297922,0.51816
513736,0.5875754,0.41763207
516742,0.3317536,0.3145417
517239,0.32520163,0.2897657
518746,0.51971126,0.2998216
519647,0.4945718,0.35112113
519950,0.61671245,0.38310945
520228,0.49897966,0.48154104
522434,0.57479745,0.41017434
523032,0.3660436,0.20838669
524135,0.59183574,0.4068775
525541,0.65119463,0.43636882
529549,0.6728688,0.50107294
529953,0.5830423,0.3771292
530635,0.5417705,0.26638067
531536,0.6020855,0.4703042
531940,0.33699578,0.37241808
536647,0.472352,0.34727076
540436,0.20010887,0.4539558
541640,0.56034166,0.3981909
541943,0.4582836,0.26332006
545345,0.54976434,0.30217636
547046,0.45070362,0.045080923
548250,0.36844927,0.40418136
552241,0.48790053,0.21841705
552544,0.5537184,0.42329937
553344,0.6515039,0.43895665
555348,0.09910794,0.41535342
555651,0.59328204,0.3586668
555954,0.4827592,0.41333902
557857,0.4867665,0.39415443
558657,0.46636668,0.22900304
558960,0.48291737,0.34057456
559053,0.43385047,0.3124805
559457,0.4539418,0.30900642
561242,0.5102298,0.21376885
561444,0.3128258,0.2562777
561949,0.48934433,0.26950216
562345,0.44199896,0.072404236
562446,0.35324723,0.48734564
565452,0.6419697,0.4511675
566454,0.20472531,0.33533445
567052,0.5973545,0.3450842
567759,0.41942585,0.52838236
567961,0.40496632,0.38352218
568963,0.5100137,0.40493664
570243,0.61919665,0.4338159
571144,0.42283347,0.3095535
572045,0.5351518,0.38125446
573249,0.41516328,0.4007138
573451,0.5520985,0.34866467
576255,0.46755573,0.35495308
578057,0.5945543,0.34242558
579665,0.40302014,0.2939589
579867,0.65004957,0.40043616
580044,0.62143207,0.39314649
580347,0.42921916,0.12381376
580650,0.19981831,0.30153537
580751,0.573672,0.3040663
581349,0.61383367,0.44133672
581450,0.40533033,0.29065567
583858,0.43504167,0.25358412
585256,0.765052,0.62256473
585862,0.43002236,0.22254197
586460,0.6340112,0.52674365
587664,0.39762846,0.26301384
588565,0.47576022,0.28305215
589567,0.7679044,0.6186909
590047,0.5351599,0.41369435
592455,0.55047834,0.31011716
594156,0.54943454,0.41787943
597869,0.685031,0.55551106
598568,0.6316393,0.48196122
599065,0.62776643,0.41199058
599469,0.33299977,0.3867564
599671,0.5355897,0.39329356
601127,0.5350325,0.29867572
604537,0.3633047,0.41317448
609143,0.501899,0.24381885
611938,0.2920711,0.2779575
613538,0.5420471,0.38074514
614439,0.3396437,0.06625437
615441,0.423045,0.21890977
615744,0.48757848,0.3855029
616645,0.671836,0.4879818
617748,0.5722584,0.46717912
618952,0.5431251,0.31467995
620434,0.5658734,0.3511896
622236,0.5883811,0.46033302
623844,0.40106297,0.39427584
626648,0.5528797,0.44382885
627549,0.3815208,0.3055459
627852,0.5846707,0.40960577
628248,0.4350183,0.25360006
633847,0.535789,0.3109387
634748,0.5610238,0.15627682
635245,0.52159834,0.12816134
638049,0.26723605,0.40656525
644246,0.52634025,0.24895793
645450,0.5952311,0.31696224
645551,0.49568915,0.3361099
647858,0.5247868,0.40582454
654350,0.6118454,0.40377396
654552,0.7014386,0.3907937
654754,0.3869069,0.31822798
656253,0.6410333,0.47120592
656657,0.3596327,0.3108291
657659,0.5579615,0.45096022
660951,0.5063227,0.35285395
662551,0.44107324,0.09973823
663755,0.55589044,0.3859058
664757,0.23987661,0.41266108
665254,0.6147569,0.5177986
667056,0.45736614,0.30037513
668361,0.5405082,0.3286105
671855,0.5003031,0.24866463
672756,0.5983607,0.38449663
673455,0.6150455,0.3941939
675661,0.6434396,0.41830477
677766,0.47540987,0.34389526
677968,0.50719446,0.24875022
679568,0.3660949,0.35369548
679770,0.45775756,0.32368636
680250,0.45190352,0.33424485
680452,0.42405537,0.15532818
680957,0.2324048,0.24917418
683256,0.5649719,0.4705222
685058,0.47986877,0.2365549
686969,0.45167834,0.38422915
687163,0.32283217,0.3538319
690152,0.5404333,0.32898104
692964,0.5286661,0.34916306
693764,0.56967074,0.4169803
694362,0.13569275,0.40501267
695768,0.18075308,0.4035358
698168,0.6848741,0.4348208
700634,0.57412547,0.37997058
702133,0.40471068,0.18681376
704238,0.5273886,0.37790683
705341,0.5927783,0.34916976
706040,0.43830243,0.36700436
707749,0.48793614,0.34742722
709551,0.37801144,0.30952328
713239,0.49034184,0.49406558
715041,0.4755278,0.20667744
715647,0.427535,0.25527903
715950,0.6479074,0.34209332
720337,0.46115336,0.42718902
723141,0.44577894,0.39219868
724446,0.42418692,0.498267
725751,0.4183002,0.34142873
727553,0.63828415,0.50840086
727654,0.4791126,0.28861266
728454,0.499584,0.41172048
729254,0.24079926,0.44802624
729557,0.20095399,0.43244871
731140,0.6404051,0.43455988
732243,0.6713813,0.57568353
734045,0.37121844,0.13354006
735148,0.47885853,0.2797882
737960,0.33272368,0.46237677
742549,0.491671,0.13110007
744553,0.5740647,0.400891
748258,0.53388476,0.3975521
748662,0.38592607,0.22182767
749058,0.6863932,0.49688995
749361,0.41622552,0.17760146
751348,0.48548278,0.2668272
751550,0.6590275,0.6846899
753150,0.6738063,0.53045803
753251,0.41926065,0.27090815
756055,0.36751497,0.39156818
757764,0.6397507,0.43152115
759869,0.49609292,0.34910804
760551,0.5222838,0.30158198
761957,0.2910485,0.4897492
763557,0.5859848,0.22828968
765056,0.39782518,0.13823277
765864,0.40609264,0.45465088
767464,0.65453506,0.48175508
769064,0.5974421,0.5042826
770352,0.6651106,0.4434389
771354,0.5270795,0.46523148
773257,0.48107386,0.35055438
774663,0.4005677,0.15123783
779370,0.51362276,0.21106598
782561,0.5454316,0.29461315
783462,0.5089582,0.32592112
784565,0.4965928,0.52277786
786569,0.4770018,0.23873003
788674,0.46342963,0.18677378
788876,0.5081857,0.29966685
789373,0.4721097,0.2580589
792564,0.43205035,0.35288182
792766,0.667864,0.43459126
792867,0.32433408,-0.0076447567
793465,0.6079658,0.2839365
800941,0.40319547,0.19286598
802844,0.5765102,0.4670702
803240,0.52014405,0.45307568
804646,0.31582746,0.55940914
809252,0.47283876,0.64669603
810843,0.45587867,0.27489597
812746,0.2632111,0.24779885
814548,0.30011475,0.34691975
814649,0.4733176,0.33818895
815247,0.43429044,0.15876833
816653,0.49000436,0.28423145
818455,0.37420404,0.5485382
818859,0.4542693,0.2787292
820745,0.4664838,0.121939026
825048,0.4886179,0.3870085
825553,0.46540108,0.33893925
825654,0.53962916,0.40595582
826353,0.46061483,0.33991277
826454,0.47739428,0.22548942
827052,0.34681264,0.26214594
828862,0.4728372,0.39698908
832651,0.58712405,0.63889384
833148,0.5692155,0.38429692
833249,0.29899535,0.28844404
835657,0.2712672,0.3086572
837560,0.48771706,0.46300027
837964,0.5535127,0.2613625
841349,0.2446918,0.5022358
843151,0.6651763,0.30439454
844961,0.68606466,0.41980204
845458,0.3374777,0.5383889
849264,0.45364204,0.36504412
849971,0.3334134,0.21831952
852455,0.6017787,0.43485284
856766,0.5758106,0.27548784
856968,0.11263447,0.31957397
857263,0.62717766,0.522038
859671,0.41378048,0.23897733
861456,0.45839667,0.27450225
865363,0.35684916,0.09241328
867468,0.25655773,0.15276752
869472,0.59712005,0.35835898
870861,0.5131712,0.3835363
871762,0.43666497,0.4320794
871964,0.52438915,0.4858019
872158,0.51607865,0.45409626
872562,0.4922718,0.46412823
872764,0.5426229,0.43038914
873968,0.45528764,0.0694667
877168,0.60794586,0.479353
877269,0.51588166,0.24697745
878776,0.21526818,0.2562431
878877,0.6239428,0.49973258
880157,0.43112996,0.402848
882161,0.48317254,0.22878663
884064,0.64536875,0.56134385
885975,0.5542434,0.26285833
886674,0.52705693,0.4149943
887373,0.6489646,0.39698398
888678,0.58833605,0.45177647
889579,0.5040965,0.38699457
891667,0.6308304,0.49255586
894067,0.4627861,0.20995806
894673,0.44102982,0.2659254
894774,0.3447473,0.19585347
896778,0.38012525,0.2483639
896879,0.5951936,0.34805685
898176,0.5916212,0.39506793
899885,0.553281,0.4099915
901038,0.41772678,0.28375497
901139,0.47751927,0.40773687
901442,0.43330258,0.3042412
902242,0.47079065,0.37646374
904044,0.6906679,0.5786662
905147,0.5372495,0.4157682
907656,0.544498,0.1747186
908860,0.47644913,0.29809025
910241,0.5129494,0.41719437
910443,0.6155899,0.4837936
911849,0.40053317,0.3245655
912447,0.49801654,0.43432665
917255,0.5864677,0.36270392
917558,0.57343763,0.38199306
919966,0.63411236,0.5337795
922854,0.5199192,0.40132815
923755,0.4822423,0.3562247
926862,0.5736707,0.2081694
927359,0.35890967,0.42114705
930449,0.14310896,0.4491929
932554,0.5620485,0.50582856
933253,0.49606794,0.34093317
937160,0.4375931,0.32828936
942658,0.455274,0.19378488
943862,0.51305026,0.4563063
947668,0.40538812,0.24050567
951457,0.40328783,0.2507483
952863,0.6367082,0.35456973
955465,0.52566576,0.33768922
957974,0.34008622,0.36084864
958976,0.44964182,0.32985273
959574,0.4154579,0.4707602
962058,0.44263712,0.50510633
965367,0.5481278,0.20482324
965771,0.5523313,0.44225156
966975,0.38359097,0.3429933
969476,0.56523865,0.47428742
970764,0.44278792,0.5238006
971160,0.55607486,0.33169594
978578,0.64935917,0.43279207
979984,0.61266655,0.4892145
983773,0.6303117,0.36372936
984472,0.5202907,0.33172965
987074,0.4920704,0.39923665
987983,0.6037188,0.56142217
989987,0.339236,0.20522662
990366,0.61877877,0.4441582
991267,0.58708125,0.3517118
992673,0.5066569,0.4313891
992774,0.35267103,0.561503
993675,0.6159472,0.47905946
994273,0.4190582,0.5400837
996782,0.59461784,0.4050825
