rep,seed,target,method,mse,r2,pearson,avg_rank,top1_acc,demeaned_pearson
SC,0,FC,shared_pca,0.01397903822362423,-0.06215929985046387,0.8307310342788696,0.7124523339907955,0.03076923076923077,0.08489612489938736
r2t,0,FC,shared_pca,0.015064777806401253,-0.140315443277359,0.8176239728927612,0.6081788297172912,0.015384615384615385,0.03969123214483261
r2t_corr,0,FC,shared_pca,0.014501422643661499,-0.0980459675192833,0.8241947293281555,0.5935042735042735,0.020512820512820513,0.03548971191048622
SC_r2t,0,FC,block_pca,0.014163859188556671,-0.07531160116195679,0.8285536766052246,0.6947797501643656,0.015384615384615385,0.07301527261734009
kitchen_sink,0,FC,block_pca,0.014063444919884205,-0.06776198744773865,0.8294984698295593,0.7081919789612097,0.03076923076923077,0.08530113101005554
SC,1,FC,shared_pca,0.014445947483181953,-0.05236298218369484,0.8224368095397949,0.7213149243918475,0.05128205128205128,0.08621358871459961
r2t,1,FC,shared_pca,0.015341540798544884,-0.11399824172258377,0.8114857077598572,0.6277449046679816,0.015384615384615385,0.05158223956823349
r2t_corr,1,FC,shared_pca,0.01516400184482336,-0.09945636987686157,0.8134975433349609,0.5856936226166995,0.005128205128205128,0.024385016411542892
SC_r2t,1,FC,block_pca,0.01448602695018053,-0.054828204214572906,0.8218547105789185,0.7238132807363576,0.02564102564102564,0.08606079965829849
kitchen_sink,1,FC,block_pca,0.014327330514788628,-0.0443568155169487,0.8237744569778442,0.7554240631163708,0.06153846153846154,0.10591498017311096
SC,2,FC,shared_pca,0.014318617060780525,-0.05061310529708862,0.8277159333229065,0.7081919789612097,0.05128205128205128,0.08343014866113663
r2t,2,FC,shared_pca,0.015450915321707726,-0.13036121428012848,0.8145676851272583,0.602024983563445,0.015384615384615385,0.047514647245407104
r2t_corr,2,FC,shared_pca,0.014791344292461872,-0.08390828222036362,0.8222548961639404,0.614490466798159,0.010256410256410256,0.04051603749394417
SC_r2t,2,FC,block_pca,0.014467827044427395,-0.06154116988182068,0.8262509107589722,0.7044575936883629,0.020512820512820513,0.07892844080924988
kitchen_sink,2,FC,block_pca,0.014285760931670666,-0.049317020922899246,0.8281440138816833,0.7413543721236029,0.020512820512820513,0.10097907483577728
SC,3,FC,shared_pca,0.014168139547109604,-0.0633416622877121,0.8249359726905823,0.6975936883629191,0.05641025641025641,0.07326732575893402
r2t,3,FC,shared_pca,0.014980985783040524,-0.12172561138868332,0.8140917420387268,0.6098093359631822,0.020512820512820513,0.05358532816171646
r2t_corr,3,FC,shared_pca,0.014543524011969566,-0.08925283700227737,0.8202214241027832,0.6158316896778435,0.010256410256410256,0.03837698698043823
SC_r2t,3,FC,block_pca,0.01426975429058075,-0.07032757997512817,0.8234606385231018,0.6781328073635766,0.06153846153846154,0.0721018984913826
kitchen_sink,3,FC,block_pca,0.014095519669353962,-0.05829864367842674,0.8253396153450012,0.7190269559500329,0.06666666666666667,0.0940062403678894
SC,4,FC,shared_pca,0.014270915649831295,-0.04866059869527817,0.8317715525627136,0.7437738330046022,0.05641025641025641,0.09147215634584427
r2t,4,FC,shared_pca,0.01548006758093834,-0.1310453861951828,0.8160768747329712,0.6051545036160421,0.0,0.05099363252520561
r2t_corr,4,FC,shared_pca,0.014832870103418827,-0.08649714291095734,0.8247795104980469,0.6227218934911243,0.020512820512820513,0.04490159824490547
SC_r2t,4,FC,block_pca,0.014542399905622005,-0.06605923920869827,0.8281323313713074,0.6996186719263642,0.03076923076923077,0.0796881690621376
kitchen_sink,4,FC,block_pca,0.01440639328211546,-0.056757595390081406,0.8295058012008667,0.7188954635108481,0.041025641025641026,0.09431930631399155
SC,5,FC,shared_pca,0.014075997285544872,-0.06029762700200081,0.8324830532073975,0.7131886916502301,0.05641025641025641,0.08463447540998459
r2t,5,FC,shared_pca,0.014947355724871159,-0.12372931838035583,0.821442723274231,0.6272189349112426,0.02564102564102564,0.05267741531133652
r2t_corr,5,FC,shared_pca,0.014419367536902428,-0.08392544835805893,0.8282615542411804,0.6355029585798817,0.015384615384615385,0.04926609992980957
SC_r2t,5,FC,block_pca,0.014091461896896362,-0.06102534756064415,0.8316890001296997,0.7230243261012492,0.035897435897435895,0.08351632207632065
kitchen_sink,5,FC,block_pca,0.014055305160582066,-0.0584946908056736,0.8322145342826843,0.7266535174227482,0.035897435897435895,0.09343565255403519
SC,6,FC,shared_pca,0.014145704917609692,-0.06198403611779213,0.8307991027832031,0.6869953977646286,0.041025641025641026,0.07686372101306915
r2t,6,FC,shared_pca,0.01524848397821188,-0.14025604724884033,0.8172897100448608,0.5948980933596317,0.020512820512820513,0.037848785519599915
r2t_corr,6,FC,shared_pca,0.014656336978077888,-0.09570443630218506,0.8246683478355408,0.6043655489809336,0.03076923076923077,0.033387865871191025
SC_r2t,6,FC,block_pca,0.014257846400141716,-0.06956136226654053,0.8293625116348267,0.6912031558185404,0.06666666666666667,0.07545095682144165
kitchen_sink,6,FC,block_pca,0.01413792185485363,-0.06150319427251816,0.8309364318847656,0.7166863905325445,0.05641025641025641,0.09038227796554565
SC,7,FC,shared_pca,0.014533366076648235,-0.049980029463768005,0.8209017515182495,0.7385930309007231,0.06666666666666667,0.10091419517993927
r2t,7,FC,shared_pca,0.015473616309463978,-0.11595026403665543,0.8099476099014282,0.6378698224852071,0.02564102564102564,0.06010996550321579
r2t_corr,7,FC,shared_pca,0.015149880200624466,-0.09096667170524597,0.8142311573028564,0.6097041420118343,0.02564102564102564,0.03700805455446243
SC_r2t,7,FC,block_pca,0.014506087638437748,-0.049336988478899,0.821085512638092,0.7499013806706114,0.05128205128205128,0.10701443254947662
kitchen_sink,7,FC,block_pca,0.014442438259720802,-0.04494369029998779,0.8218739032745361,0.7583957922419461,0.07179487179487179,0.1169297844171524
SC,8,FC,shared_pca,0.014496535994112492,-0.05510622635483742,0.8307790756225586,0.7249178172255095,0.041025641025641026,0.08476314693689346
r2t,8,FC,shared_pca,0.01541051920503378,-0.11934797465801239,0.8186554908752441,0.6068902038132807,0.020512820512820513,0.04750067740678787
r2t_corr,8,FC,shared_pca,0.015061136335134506,-0.0926896408200264,0.8240036368370056,0.5963182117028272,0.010256410256410256,0.03215068578720093
SC_r2t,8,FC,block_pca,0.014560543932020664,-0.06058453023433685,0.8295203447341919,0.7099539776462853,0.035897435897435895,0.07922891527414322
kitchen_sink,8,FC,block_pca,0.014434093609452248,-0.05234968289732933,0.830945611000061,0.7384352399737015,0.02564102564102564,0.09733358770608902
SC,9,FC,shared_pca,0.01436537690460682,-0.05920946225523949,0.8260977864265442,0.6929925031236984,0.04081632653061224,0.07565668225288391
r2t,9,FC,shared_pca,0.015395909547805786,-0.13151712715625763,0.8133885264396667,0.6139889629321116,0.03571428571428571,0.04496583342552185
r2t_corr,9,FC,shared_pca,0.014838234521448612,-0.09084627777338028,0.8205440044403076,0.5860058309037901,0.025510204081632654,0.030691279098391533
SC_r2t,9,FC,block_pca,0.014478844590485096,-0.06732777506113052,0.8247741460800171,0.696740941274469,0.05102040816326531,0.07450690865516663
kitchen_sink,9,FC,block_pca,0.014350209385156631,-0.058008451014757156,0.8260078430175781,0.7142596834652228,0.061224489795918366,0.09200915694236755
