rep,seed,direction,mse,r2,pearson,avg_rank,top1_acc,demeaned_pearson
SC,0,FC->SC,0.005551474168896675,-0.023459112271666527,0.9127845168113708,0.8533070348454964,0.15384615384615385,0.1322067528963089
SC,0,SC->FC,0.01397903636097908,-0.06215914711356163,0.8307310938835144,0.7124260355029586,0.03076923076923077,0.08489642292261124
r2t,0,FC->r2t,534467.0,0.2971825897693634,0.8464491367340088,0.7128468113083498,0.03076923076923077,0.11234594136476517
r2t,0,r2t->FC,0.015064779669046402,-0.14031565189361572,0.8176239728927612,0.6081788297172912,0.015384615384615385,0.03969129920005798
r2t_corr,0,FC->r2t_corr,0.017297422513365746,-0.22749556601047516,0.807390570640564,0.6957790927021696,0.02564102564102564,0.053894806653261185
r2t_corr,0,r2t_corr->FC,0.014501422643661499,-0.09804592281579971,0.8241947293281555,0.5935042735042735,0.020512820512820513,0.035489875823259354
SC,1,FC->SC,0.0055367471650242805,-0.014408671297132969,0.9123328328132629,0.8906245890861275,0.1282051282051282,0.13707807660102844
SC,1,SC->FC,0.01444594468921423,-0.05236267298460007,0.8224368095397949,0.7213149243918475,0.05128205128205128,0.08621387183666229
r2t,1,FC->r2t,528122.5,0.3242255449295044,0.8437992334365845,0.7441420118343196,0.015384615384615385,0.1096457913517952
r2t,1,r2t->FC,0.01534152589738369,-0.11399699002504349,0.8114857077598572,0.6277186061801446,0.015384615384615385,0.05158357694745064
r2t_corr,1,FC->r2t_corr,0.017520785331726074,-0.07405231893062592,0.8051842451095581,0.7234451019066404,0.020512820512820513,0.05827754735946655
r2t_corr,1,r2t_corr->FC,0.015164008364081383,-0.0994567945599556,0.8134973645210266,0.5857199211045365,0.005128205128205128,0.024384576827287674
SC,2,FC->SC,0.005528537556529045,-0.03353936970233917,0.9123838543891907,0.8578829717291255,0.07692307692307693,0.12221765518188477
SC,2,SC->FC,0.0143186179921031,-0.05061308294534683,0.8277159333229065,0.7081919789612097,0.05128205128205128,0.08343001455068588
r2t,2,FC->r2t,545749.0,0.2583622634410858,0.845878005027771,0.7416173570019724,0.010256410256410256,0.10782069712877274
r2t,2,r2t->FC,0.015450926497578621,-0.13036195933818817,0.814567506313324,0.602051282051282,0.015384615384615385,0.0475134439766407
r2t_corr,2,FC->r2t_corr,0.01715557835996151,-0.06718660891056061,0.8082272410392761,0.707560815253123,0.02564102564102564,0.05555726960301399
r2t_corr,2,r2t_corr->FC,0.0147913359105587,-0.08390774577856064,0.8222549557685852,0.614490466798159,0.010256410256410256,0.04051646217703819
SC,3,FC->SC,0.005576807539910078,-0.012368805706501007,0.9125555753707886,0.8823931623931623,0.10256410256410256,0.13632209599018097
SC,3,SC->FC,0.014168135821819305,-0.06334134191274643,0.8249361515045166,0.6976199868507561,0.05641025641025641,0.07326773554086685
r2t,3,FC->r2t,515036.5625,0.6205102205276489,0.8457684516906738,0.7380933596318211,0.06153846153846154,0.12107005715370178
r2t,3,r2t->FC,0.014980987645685673,-0.1217256560921669,0.8140917420387268,0.6098093359631822,0.020512820512820513,0.05358542874455452
r2t_corr,3,FC->r2t_corr,0.017360785976052284,-0.06630460917949677,0.8067636489868164,0.7316239316239317,0.05128205128205128,0.06381207704544067
r2t_corr,3,r2t_corr->FC,0.014543522149324417,-0.08925273269414902,0.8202214241027832,0.6158053911900065,0.010256410256410256,0.038377054035663605
SC,4,FC->SC,0.005429315380752087,-0.023700281977653503,0.9133103489875793,0.8900197238658777,0.11794871794871795,0.1402299553155899
SC,4,SC->FC,0.01427091658115387,-0.04866055026650429,0.8317715525627136,0.7438001314924392,0.05641025641025641,0.09147221595048904
r2t,4,FC->r2t,549201.6875,0.32251694798469543,0.8427839279174805,0.7123208415516107,0.02564102564102564,0.1096920520067215
r2t,4,r2t->FC,0.015480071306228638,-0.13104568421840668,0.8160768151283264,0.6051545036160421,0.0,0.0509936660528183
r2t_corr,4,FC->r2t_corr,0.017353734001517296,-1040.4295654296875,0.8069875836372375,0.6927547666009204,0.02564102564102564,0.05356119945645332
r2t_corr,4,r2t_corr->FC,0.014832873828709126,-0.08649733662605286,0.8247793316841125,0.6227218934911243,0.020512820512820513,0.0449017733335495
SC,5,FC->SC,0.005553978029638529,-0.014347217977046967,0.9122107625007629,0.8937015121630506,0.14871794871794872,0.15015706419944763
SC,5,SC->FC,0.014075995422899723,-0.06029745191335678,0.8324829936027527,0.7131886916502301,0.05641025641025641,0.08463431894779205
r2t,5,FC->r2t,526510.1875,0.2943204939365387,0.8455280065536499,0.7115318869165023,0.020512820512820513,0.11021846532821655
r2t,5,r2t->FC,0.014947323128581047,-0.12372695654630661,0.8214430809020996,0.6272452333990794,0.02564102564102564,0.052678171545267105
r2t_corr,5,FC->r2t_corr,0.017364250496029854,-23.08876609802246,0.8076121807098389,0.7125575279421433,0.010256410256410256,0.058036189526319504
r2t_corr,5,r2t_corr->FC,0.01441936381161213,-0.08392507582902908,0.8282614946365356,0.6355029585798817,0.015384615384615385,0.049266669899225235
SC,6,FC->SC,0.005478620063513517,-0.029622603207826614,0.9134926795959473,0.8564102564102565,0.1076923076923077,0.13351984322071075
SC,6,SC->FC,0.014145704917609692,-0.06198415905237198,0.8307992219924927,0.6869690992767916,0.041025641025641026,0.076863594353199
r2t,6,FC->r2t,538445.125,0.4925355911254883,0.8441947102546692,0.7131360946745562,0.020512820512820513,0.10200585424900055
r2t,6,r2t->FC,0.01524848397821188,-0.14025607705116272,0.8172897100448608,0.5948980933596317,0.020512820512820513,0.03784874826669693
r2t_corr,6,FC->r2t_corr,0.01734134741127491,-40.96036148071289,0.8071699142456055,0.7115581854043392,0.020512820512820513,0.06075839325785637
r2t_corr,6,r2t_corr->FC,0.01465633511543274,-0.09570427238941193,0.8246683478355408,0.6043392504930967,0.03076923076923077,0.03338801488280296
SC,7,FC->SC,0.00550629710778594,-0.014118809252977371,0.9122567772865295,0.8674293228139383,0.11794871794871795,0.13357289135456085
SC,7,SC->FC,0.014533364214003086,-0.04997991770505905,0.82090163230896,0.7385667324128863,0.06666666666666667,0.10091429203748703
r2t,7,FC->r2t,543667.875,0.6005682349205017,0.8411315083503723,0.7152136752136753,0.041025641025641026,0.1124604269862175
r2t,7,r2t->FC,0.01547361072152853,-0.11594979465007782,0.8099477291107178,0.6378698224852071,0.02564102564102564,0.060110386461019516
r2t_corr,7,FC->r2t_corr,0.017490416765213013,-314.20062255859375,0.8053026795387268,0.7109007232084155,0.06153846153846154,0.05942189320921898
r2t_corr,7,r2t_corr->FC,0.015149880200624466,-0.09096664935350418,0.8142310380935669,0.6097304404996713,0.02564102564102564,0.037007737904787064
SC,8,FC->SC,0.005580130033195019,-0.020934268832206726,0.9116998314857483,0.8811308349769889,0.11794871794871795,0.13998465240001678
SC,8,SC->FC,0.014496534131467342,-0.05510609224438667,0.8307790756225586,0.7249178172255095,0.041025641025641026,0.08476299047470093
r2t,8,FC->r2t,529705.625,-0.47174930572509766,0.8449841737747192,0.7336226166995399,0.03076923076923077,0.11484899371862411
r2t,8,r2t->FC,0.01541051547974348,-0.11934775859117508,0.8186554908752441,0.6068902038132807,0.020512820512820513,0.04750069975852966
r2t_corr,8,FC->r2t_corr,0.017388757318258286,-4.291780471801758,0.8067263960838318,0.7056410256410257,0.03076923076923077,0.060530129820108414
r2t_corr,8,r2t_corr->FC,0.01506113726645708,-0.09268967062234879,0.8240036368370056,0.596344510190664,0.010256410256410256,0.03215071186423302
SC,9,FC->SC,0.005457290448248386,-0.02316061407327652,0.9130374193191528,0.8762494793835902,0.1326530612244898,0.13466398417949677
SC,9,SC->FC,0.014365369454026222,-0.05920897051692009,0.826097846031189,0.6929404414827156,0.04081632653061224,0.07565724104642868
r2t,9,FC->r2t,544080.0625,0.6109567880630493,0.8462012410163879,0.7272750937109538,0.05612244897959184,0.1179245263338089
r2t,9,r2t->FC,0.015395911410450935,-0.1315171867609024,0.8133884072303772,0.6139629321116201,0.03571428571428571,0.0449659489095211
r2t_corr,9,FC->r2t_corr,0.01739583909511566,-9.65953540802002,0.8072338700294495,0.7069189920866306,0.01020408163265306,0.05513935536146164
r2t_corr,9,r2t_corr->FC,0.01483824010938406,-0.090846486389637,0.8205438852310181,0.5860318617242816,0.025510204081632654,0.030691655352711678
