rep,target,seed,pearson_raw,pearson_resid
bv+demo,CogTotalComp_Unadj,0,0.39930582911292595,
SC,CogTotalComp_Unadj,0,0.3175638605922265,0.06643185053310884
r2t,CogTotalComp_Unadj,0,0.2575750826253039,0.03384349181403659
r2t_corr,CogTotalComp_Unadj,0,0.2117488412664566,0.13708465973293646
FC,CogTotalComp_Unadj,0,0.56512390434594,0.4204402212571851
SC_r2t,CogTotalComp_Unadj,0,0.25148569323138054,0.03140261625619175
r2t->synthFC,CogTotalComp_Unadj,0,0.28992820819219023,
bv+demo,CogFluidComp_Unadj,0,0.3545008604209626,
SC,CogFluidComp_Unadj,0,0.25317687144491624,0.057530503708502996
r2t,CogFluidComp_Unadj,0,0.12402016082654939,0.02932851326156842
r2t_corr,CogFluidComp_Unadj,0,0.17295090990280743,0.13391592937521177
FC,CogFluidComp_Unadj,0,0.44887853094997526,0.32695080706482477
SC_r2t,CogFluidComp_Unadj,0,0.12732942620123866,0.034697327543222606
r2t->synthFC,CogFluidComp_Unadj,0,0.2357090073098117,
bv+demo,CogCrystalComp_Unadj,0,0.2976694121328912,
SC,CogCrystalComp_Unadj,0,0.3210728397788748,0.1022170881949929
r2t,CogCrystalComp_Unadj,0,0.2878834874436774,0.07989072342594751
r2t_corr,CogCrystalComp_Unadj,0,0.19699500403629402,0.17887238140122114
FC,CogCrystalComp_Unadj,0,0.5863151011695964,0.4847271665483873
SC_r2t,CogCrystalComp_Unadj,0,0.3096901711355467,0.10069529585088903
r2t->synthFC,CogCrystalComp_Unadj,0,0.2562026837452337,
bv+demo,CogTotalComp_Unadj,1,0.4004289965491064,
SC,CogTotalComp_Unadj,1,0.3036674995490009,0.02869729415143832
r2t,CogTotalComp_Unadj,1,0.27237068966400274,0.09561433819603836
r2t_corr,CogTotalComp_Unadj,1,0.21073651105055197,-0.028862385315755138
FC,CogTotalComp_Unadj,1,0.46293470090673455,0.2340762342793925
SC_r2t,CogTotalComp_Unadj,1,0.27528002578177097,0.10428122315190398
r2t->synthFC,CogTotalComp_Unadj,1,0.24478198132432014,
bv+demo,CogFluidComp_Unadj,1,0.32710260372173205,
SC,CogFluidComp_Unadj,1,0.2431032528206091,0.053865803689546014
r2t,CogFluidComp_Unadj,1,0.21460333964115264,0.14930436386474152
r2t_corr,CogFluidComp_Unadj,1,0.2413823034819579,0.08288935966003291
FC,CogFluidComp_Unadj,1,0.3458280530911858,0.22698131865522742
SC_r2t,CogFluidComp_Unadj,1,0.23248735939186063,0.16420389953125988
r2t->synthFC,CogFluidComp_Unadj,1,0.23738205338533797,
bv+demo,CogCrystalComp_Unadj,1,0.3659120747166428,
SC,CogCrystalComp_Unadj,1,0.24848828981859541,-0.03582151669921769
r2t,CogCrystalComp_Unadj,1,0.17045098054787136,-0.042872757679132234
r2t_corr,CogCrystalComp_Unadj,1,0.08952420979420483,-0.06735694151253238
FC,CogCrystalComp_Unadj,1,0.4660912674193206,0.2371523279778709
SC_r2t,CogCrystalComp_Unadj,1,0.17257580852736404,-0.04473426972450187
r2t->synthFC,CogCrystalComp_Unadj,1,0.12094491557074794,
bv+demo,CogTotalComp_Unadj,2,0.42883399634530733,
SC,CogTotalComp_Unadj,2,0.3147013597176683,0.09513874642116496
r2t,CogTotalComp_Unadj,2,0.17964598792320735,-0.002226300420136436
r2t_corr,CogTotalComp_Unadj,2,0.10290320531993062,-0.06364853152204464
FC,CogTotalComp_Unadj,2,0.5363569737275293,0.4112090403314183
SC_r2t,CogTotalComp_Unadj,2,0.18780429756919528,0.0026126025132214787
r2t->synthFC,CogTotalComp_Unadj,2,0.23192240954335056,
bv+demo,CogFluidComp_Unadj,2,0.32289567288924775,
SC,CogFluidComp_Unadj,2,0.23472094476587207,0.04396862249486748
r2t,CogFluidComp_Unadj,2,0.16086130281045521,0.10068340964355003
r2t_corr,CogFluidComp_Unadj,2,0.08330777438240927,-0.01734547225121602
FC,CogFluidComp_Unadj,2,0.3483413254082256,0.22181530177529846
SC_r2t,CogFluidComp_Unadj,2,0.17295709035648363,0.10802171574340191
r2t->synthFC,CogFluidComp_Unadj,2,0.22611379704347187,
bv+demo,CogCrystalComp_Unadj,2,0.44114849217569396,
SC,CogCrystalComp_Unadj,2,0.27773933181811705,0.1584819815360198
r2t,CogCrystalComp_Unadj,2,0.1461164265329927,-0.023313925872890533
r2t_corr,CogCrystalComp_Unadj,2,0.13577208732469725,0.044976226071139526
FC,CogCrystalComp_Unadj,2,0.5679152969418664,0.5138755546186135
SC_r2t,CogCrystalComp_Unadj,2,0.1353090259548913,-0.030421763867310787
r2t->synthFC,CogCrystalComp_Unadj,2,0.19259977997499075,
bv+demo,CogTotalComp_Unadj,3,0.3453183481413704,
SC,CogTotalComp_Unadj,3,0.11143062267238771,-0.13583157049171934
r2t,CogTotalComp_Unadj,3,0.20372424430338015,0.049206218902231896
r2t_corr,CogTotalComp_Unadj,3,0.08169971613250837,-0.09943495716098101
FC,CogTotalComp_Unadj,3,0.4579379550635272,0.33549853426007387
SC_r2t,CogTotalComp_Unadj,3,0.19375573538852162,0.02866329863080934
r2t->synthFC,CogTotalComp_Unadj,3,0.1965464693236919,
bv+demo,CogFluidComp_Unadj,3,0.25622504210796015,
SC,CogFluidComp_Unadj,3,0.09001852412115136,-0.05830530213418472
r2t,CogFluidComp_Unadj,3,0.13663839083010557,0.046255592903413495
r2t_corr,CogFluidComp_Unadj,3,0.182213301927231,0.09695565993161859
FC,CogFluidComp_Unadj,3,0.338859390269439,0.21393778553812556
SC_r2t,CogFluidComp_Unadj,3,0.14232489723461667,0.04788534691154064
r2t->synthFC,CogFluidComp_Unadj,3,0.13986983403530287,
bv+demo,CogCrystalComp_Unadj,3,0.37476183770594657,
SC,CogCrystalComp_Unadj,3,0.12940127296304665,-0.11537969954607545
r2t,CogCrystalComp_Unadj,3,0.11088121403376679,-0.08855392337374021
r2t_corr,CogCrystalComp_Unadj,3,-0.02524180234364894,-0.16471414714392274
FC,CogCrystalComp_Unadj,3,0.42685322814990917,0.33926585898941874
SC_r2t,CogCrystalComp_Unadj,3,0.09145667839381393,-0.09610322814313127
r2t->synthFC,CogCrystalComp_Unadj,3,0.1730762686235081,
bv+demo,CogTotalComp_Unadj,4,0.2950172259538196,
SC,CogTotalComp_Unadj,4,0.23226488645876245,0.05476890608998241
r2t,CogTotalComp_Unadj,4,0.1685870345264211,0.11105040769479793
r2t_corr,CogTotalComp_Unadj,4,0.24044506740657512,0.14829581208275203
FC,CogTotalComp_Unadj,4,0.39311610942168057,0.28258050776994165
SC_r2t,CogTotalComp_Unadj,4,0.16122469456659957,0.10775242380241848
r2t->synthFC,CogTotalComp_Unadj,4,0.20830040934961888,
bv+demo,CogFluidComp_Unadj,4,0.29606329813377885,
SC,CogFluidComp_Unadj,4,0.1141871100476817,-0.052465562614462766
r2t,CogFluidComp_Unadj,4,0.10679164673279413,0.06094101959378437
r2t_corr,CogFluidComp_Unadj,4,0.16708141592654127,0.12245607600830063
FC,CogFluidComp_Unadj,4,0.25519185459135196,0.1696971736434728
SC_r2t,CogFluidComp_Unadj,4,0.12807631481488096,0.0804564997041045
r2t->synthFC,CogFluidComp_Unadj,4,0.15581811475592663,
bv+demo,CogCrystalComp_Unadj,4,0.34700440819059464,
SC,CogCrystalComp_Unadj,4,0.2635103411448615,0.11672014151606738
r2t,CogCrystalComp_Unadj,4,0.17434482924490557,0.10861188129049924
r2t_corr,CogCrystalComp_Unadj,4,0.19043235074498385,0.08469990421208237
FC,CogCrystalComp_Unadj,4,0.4236332690339544,0.3544726333801301
SC_r2t,CogCrystalComp_Unadj,4,0.18936402152114934,0.12170560363524681
r2t->synthFC,CogCrystalComp_Unadj,4,0.2061785070770349,
bv+demo,CogTotalComp_Unadj,5,0.5100537367695948,
SC,CogTotalComp_Unadj,5,0.2905993409147489,0.030684486707171124
r2t,CogTotalComp_Unadj,5,0.21641284993777354,0.08646169147240619
r2t_corr,CogTotalComp_Unadj,5,0.07021149292391028,-0.028886297116466293
FC,CogTotalComp_Unadj,5,0.4435876918804908,0.24454265889850954
SC_r2t,CogTotalComp_Unadj,5,0.20957271599655747,0.09224516043272557
r2t->synthFC,CogTotalComp_Unadj,5,0.23905602469558895,
bv+demo,CogFluidComp_Unadj,5,0.33394719949270874,
SC,CogFluidComp_Unadj,5,0.2307647145022474,0.039147887504142685
r2t,CogFluidComp_Unadj,5,0.23311232319910383,0.15895526396466103
r2t_corr,CogFluidComp_Unadj,5,0.1278453114412398,0.0758905671113439
FC,CogFluidComp_Unadj,5,0.3987121158530123,0.2885216345655294
SC_r2t,CogFluidComp_Unadj,5,0.23882609094557636,0.17367836870118983
r2t->synthFC,CogFluidComp_Unadj,5,0.2611365495067188,
bv+demo,CogCrystalComp_Unadj,5,0.46296207175186277,
SC,CogCrystalComp_Unadj,5,0.2713170839856729,0.07030128365139765
r2t,CogCrystalComp_Unadj,5,0.09078270864046369,0.003164868719592681
r2t_corr,CogCrystalComp_Unadj,5,0.0052878027438213755,-0.019496039074520327
FC,CogCrystalComp_Unadj,5,0.4354277507948841,0.24433823349103842
SC_r2t,CogCrystalComp_Unadj,5,0.08561894965946502,0.004146901220289572
r2t->synthFC,CogCrystalComp_Unadj,5,0.19787695162558963,
bv+demo,CogTotalComp_Unadj,6,0.3000737346416766,
SC,CogTotalComp_Unadj,6,0.18047852131512973,0.04047033817694307
r2t,CogTotalComp_Unadj,6,0.11296777594043296,0.04811015112365587
r2t_corr,CogTotalComp_Unadj,6,0.0025230292422858468,-0.053542214859021935
FC,CogTotalComp_Unadj,6,0.37986778059157006,0.20056081149361357
SC_r2t,CogTotalComp_Unadj,6,0.10829675113433533,0.05222389419531703
r2t->synthFC,CogTotalComp_Unadj,6,0.11860857152459958,
bv+demo,CogFluidComp_Unadj,6,0.13669785284328703,
SC,CogFluidComp_Unadj,6,-0.04832718586592251,-0.05640568887925214
r2t,CogFluidComp_Unadj,6,0.021520931740418647,0.06723767202750307
r2t_corr,CogFluidComp_Unadj,6,-0.04173962987834287,-0.06697800342854521
FC,CogFluidComp_Unadj,6,0.17598858396971,0.09170088281614597
SC_r2t,CogFluidComp_Unadj,6,0.031703977783629544,0.07736810798758198
r2t->synthFC,CogFluidComp_Unadj,6,-0.008106853025377237,
bv+demo,CogCrystalComp_Unadj,6,0.3453840513891016,
SC,CogCrystalComp_Unadj,6,0.3291521629632177,0.04804017096934848
r2t,CogCrystalComp_Unadj,6,0.1333879334828173,0.0069720064988073056
r2t_corr,CogCrystalComp_Unadj,6,0.01572386678744731,-0.03501291912896
FC,CogCrystalComp_Unadj,6,0.5515404747795821,0.43723342505653134
SC_r2t,CogCrystalComp_Unadj,6,0.11843891036693949,0.004236632015987351
r2t->synthFC,CogCrystalComp_Unadj,6,0.1875233953153557,
bv+demo,CogTotalComp_Unadj,7,0.21315370342003356,
SC,CogTotalComp_Unadj,7,0.15382817153672082,-0.004428966644308127
r2t,CogTotalComp_Unadj,7,0.18721471826234273,0.09162172062358247
r2t_corr,CogTotalComp_Unadj,7,0.19986299432921514,0.057928384814490114
FC,CogTotalComp_Unadj,7,0.3445240995430525,0.21626140332942878
SC_r2t,CogTotalComp_Unadj,7,0.17085901516229257,0.07181081730907204
r2t->synthFC,CogTotalComp_Unadj,7,0.17566628641007215,
bv+demo,CogFluidComp_Unadj,7,0.18407196531317638,
SC,CogFluidComp_Unadj,7,0.10883067626090219,-0.03755933686467452
r2t,CogFluidComp_Unadj,7,0.11838520325858458,0.05027359488278643
r2t_corr,CogFluidComp_Unadj,7,0.2197421848047758,0.15177019646249357
FC,CogFluidComp_Unadj,7,0.27736689045709745,0.15254327195479178
SC_r2t,CogFluidComp_Unadj,7,0.12119027090054638,0.04600909462970969
r2t->synthFC,CogFluidComp_Unadj,7,0.1489416078210518,
bv+demo,CogCrystalComp_Unadj,7,0.28788776584257514,
SC,CogCrystalComp_Unadj,7,0.15272727644480236,-0.004518318759901097
r2t,CogCrystalComp_Unadj,7,0.1567875164762524,0.06522936369785585
r2t_corr,CogCrystalComp_Unadj,7,0.0996274055251287,-0.04842054277126844
FC,CogCrystalComp_Unadj,7,0.4330478112938744,0.3473368463401002
SC_r2t,CogCrystalComp_Unadj,7,0.14677717127338208,0.05183388238996093
r2t->synthFC,CogCrystalComp_Unadj,7,0.0974459757071578,
bv+demo,CogTotalComp_Unadj,8,0.2964213362519662,
SC,CogTotalComp_Unadj,8,0.2250434182082825,0.040270382184435585
r2t,CogTotalComp_Unadj,8,0.1886799652098168,0.02572507094800773
r2t_corr,CogTotalComp_Unadj,8,0.19949749062340374,0.05659366064923778
FC,CogTotalComp_Unadj,8,0.34032453713682054,0.22262296693225428
SC_r2t,CogTotalComp_Unadj,8,0.19777194069625892,0.04293280673842334
r2t->synthFC,CogTotalComp_Unadj,8,0.17724838035005566,
bv+demo,CogFluidComp_Unadj,8,0.27523650043919945,
SC,CogFluidComp_Unadj,8,0.12876817235520854,-0.027114992097836695
r2t,CogFluidComp_Unadj,8,0.1049676538254456,0.012122114000318488
r2t_corr,CogFluidComp_Unadj,8,0.14716403673068473,0.04727445033026137
FC,CogFluidComp_Unadj,8,0.27752279900634313,0.16057731334544414
SC_r2t,CogFluidComp_Unadj,8,0.11071937561656302,0.01862988960596914
r2t->synthFC,CogFluidComp_Unadj,8,0.18450977761092047,
bv+demo,CogCrystalComp_Unadj,8,0.2957115873123631,
SC,CogCrystalComp_Unadj,8,0.2233942509740522,0.12648957060675228
r2t,CogCrystalComp_Unadj,8,0.2212586861983538,0.09275166309562669
r2t_corr,CogCrystalComp_Unadj,8,0.1684372495755683,0.0970047729125664
FC,CogCrystalComp_Unadj,8,0.4204828142096594,0.39300949429434034
SC_r2t,CogCrystalComp_Unadj,8,0.21739106825221377,0.0977084905987459
r2t->synthFC,CogCrystalComp_Unadj,8,0.11546944760707435,
bv+demo,CogTotalComp_Unadj,9,0.4028144778846616,
SC,CogTotalComp_Unadj,9,0.35361305170847884,0.1890857923373269
r2t,CogTotalComp_Unadj,9,0.21904793529006877,0.032372282565525975
r2t_corr,CogTotalComp_Unadj,9,0.09945412527962202,-0.03741307250984025
FC,CogTotalComp_Unadj,9,0.5438506691535336,0.40321080406852366
SC_r2t,CogTotalComp_Unadj,9,0.21249324202715578,0.025935932895641157
r2t->synthFC,CogTotalComp_Unadj,9,0.18434567278996583,
bv+demo,CogFluidComp_Unadj,9,0.34369623025799745,
SC,CogFluidComp_Unadj,9,0.2731477479082663,0.11266980757255116
r2t,CogFluidComp_Unadj,9,0.14690767725876636,0.060706249277907305
r2t_corr,CogFluidComp_Unadj,9,0.08339892546484873,-0.00971649601432362
FC,CogFluidComp_Unadj,9,0.40722678229026105,0.305614347521556
SC_r2t,CogFluidComp_Unadj,9,0.14654840429381574,0.06597273385669786
r2t->synthFC,CogFluidComp_Unadj,9,0.2093968613540463,
bv+demo,CogCrystalComp_Unadj,9,0.3214503154630759,
SC,CogCrystalComp_Unadj,9,0.3114661201277696,0.144971262525403
r2t,CogCrystalComp_Unadj,9,0.2273287573450858,0.04759433369685613
r2t_corr,CogCrystalComp_Unadj,9,0.10556192405903224,0.002135076835014703
FC,CogCrystalComp_Unadj,9,0.5610507576851229,0.42708569488273523
SC_r2t,CogCrystalComp_Unadj,9,0.24841970419274925,0.0716738806503781
r2t->synthFC,CogCrystalComp_Unadj,9,0.17337060140911004,
