seed,K,net_pair,n_obs,n_exp,enrichment
0,100,visual || visual,33,2.214484679665738,14.901886792452832
0,100,dorsal attention || visual,22,4.011142061281337,5.4847222222222225
0,100,dorsal attention || dorsal attention,14,1.745589600742804,8.020212765957448
0,100,default mode || dorsal attention,12,6.165273909006499,1.9463855421686747
0,100,dorsal attention || frontoparietal,4,3.3426183844011144,1.1966666666666665
0,100,somatosensory || ventral attention,4,3.986381925100588,1.003416149068323
0,100,default mode || visual,3,6.935933147632312,0.4325301204819277
0,100,default mode || frontoparietal,2,5.779944289693593,0.34602409638554216
0,100,default mode || ventral attention,2,5.908387496131229,0.33850183342063905
0,100,dorsal attention || ventral attention,1,3.4168987929433614,0.29266304347826083
0,100,default mode || default mode,1,5.266171463943052,0.18989127240669995
0,100,frontoparietal || ventral attention,1,3.203342618384401,0.31217391304347825
0,100,frontoparietal || somatosensory,1,3.8997214484679668,0.2564285714285714
0,200,visual || visual,53,4.428969359331476,11.966666666666667
0,200,dorsal attention || visual,36,8.022284122562674,4.4875
0,200,dorsal attention || dorsal attention,27,3.491179201485608,7.733776595744681
0,200,default mode || dorsal attention,17,12.330547818012999,1.3786897590361447
0,200,dorsal attention || frontoparietal,10,6.685236768802229,1.4958333333333333
0,200,somatosensory || ventral attention,9,7.972763850201176,1.1288431677018633
0,200,default mode || visual,8,13.871866295264624,0.576706827309237
0,200,frontoparietal || frontoparietal,8,3.064066852367688,2.610909090909091
0,200,default mode || default mode,7,10.532342927886104,0.6646194534234499
0,200,default mode || somatosensory,5,14.385639121015165,0.3475688468158348
0,200,default mode || frontoparietal,3,11.559888579387186,0.25951807228915663
0,200,dorsal attention || ventral attention,3,6.833797585886723,0.4389945652173913
0,200,frontoparietal || somatosensory,3,7.7994428969359335,0.3846428571428571
0,200,dorsal attention || somatosensory,3,8.319405756731662,0.3606026785714286
0,200,ventral attention || ventral attention,3,3.203342618384401,0.9365217391304348
0,200,default mode || ventral attention,2,11.816774992262458,0.16925091671031953
0,200,frontoparietal || ventral attention,1,6.406685236768802,0.15608695652173912
0,200,somatosensory || somatosensory,1,4.766326214794181,0.20980519480519483
0,200,frontoparietal || visual,1,7.520891364902507,0.13296296296296295
0,500,visual || visual,110,11.07242339832869,9.934591194968554
0,500,dorsal attention || visual,74,20.055710306406684,3.6897222222222226
0,500,dorsal attention || dorsal attention,52,8.72794800371402,5.957872340425531
0,500,default mode || dorsal attention,39,30.826369545032495,1.2651506024096386
0,500,somatosensory || ventral attention,27,19.93190962550294,1.3546118012422361
0,500,dorsal attention || frontoparietal,26,16.71309192200557,1.5556666666666668
0,500,default mode || frontoparietal,24,28.899721448467965,0.8304578313253013
0,500,default mode || default mode,24,26.330857319715257,0.91147810755216
0,500,frontoparietal || frontoparietal,20,7.66016713091922,2.610909090909091
0,500,default mode || somatosensory,17,35.964097802537914,0.47269363166953526
0,500,default mode || visual,15,34.67966573816156,0.4325301204819277
0,500,dorsal attention || ventral attention,13,17.084493964716806,0.7609239130434783
0,500,default mode || ventral attention,11,29.54193748065614,0.372352016762703
0,500,dorsal attention || somatosensory,10,20.798514391829155,0.48080357142857144
0,500,ventral attention || ventral attention,9,8.008356545961002,1.123826086956522
0,500,somatosensory || somatosensory,9,11.915815536985452,0.7552987012987014
0,500,frontoparietal || somatosensory,8,19.498607242339833,0.41028571428571425
0,500,frontoparietal || visual,6,18.802228412256266,0.3191111111111111
0,500,frontoparietal || ventral attention,4,16.016713091922004,0.24973913043478263
0,500,default mode || limbic,1,17.982048901268957,0.055611015490533565
0,500,limbic || ventral attention,1,9.96595481275147,0.1003416149068323
1,100,visual || visual,36,2.214484679665738,16.256603773584906
1,100,dorsal attention || visual,22,4.011142061281337,5.4847222222222225
1,100,default mode || dorsal attention,10,6.165273909006499,1.6219879518072289
1,100,somatosensory || ventral attention,5,3.986381925100588,1.2542701863354038
1,100,dorsal attention || dorsal attention,5,1.745589600742804,2.8643617021276597
1,100,default mode || frontoparietal,4,5.779944289693593,0.6920481927710843
1,100,dorsal attention || frontoparietal,4,3.3426183844011144,1.1966666666666665
1,100,dorsal attention || ventral attention,2,3.4168987929433614,0.5853260869565217
1,100,frontoparietal || frontoparietal,2,1.532033426183844,1.3054545454545454
1,100,default mode || default mode,2,5.266171463943052,0.3797825448133999
1,100,frontoparietal || somatosensory,2,3.8997214484679668,0.5128571428571428
1,100,frontoparietal || ventral attention,1,3.203342618384401,0.31217391304347825
1,100,frontoparietal || visual,1,3.7604456824512535,0.2659259259259259
1,100,dorsal attention || somatosensory,1,4.159702878365831,0.24040178571428572
1,100,ventral attention || ventral attention,1,1.6016713091922006,0.6243478260869565
1,100,default mode || somatosensory,1,7.192819560507583,0.13902753872633392
1,100,default mode || visual,1,6.935933147632312,0.14417670682730924
1,200,visual || visual,51,4.428969359331476,11.515094339622642
1,200,dorsal attention || visual,40,8.022284122562674,4.986111111111112
1,200,default mode || dorsal attention,17,12.330547818012999,1.3786897590361447
1,200,dorsal attention || dorsal attention,16,3.491179201485608,4.582978723404255
1,200,somatosensory || ventral attention,10,7.972763850201176,1.2542701863354038
1,200,dorsal attention || frontoparietal,9,6.685236768802229,1.34625
1,200,default mode || default mode,8,10.532342927886104,0.7595650896267998
1,200,default mode || frontoparietal,7,11.559888579387186,0.6055421686746988
1,200,frontoparietal || frontoparietal,7,3.064066852367688,2.2845454545454547
1,200,somatosensory || somatosensory,7,4.766326214794181,1.4686363636363637
1,200,dorsal attention || somatosensory,5,8.319405756731662,0.6010044642857143
1,200,default mode || somatosensory,4,14.385639121015165,0.27805507745266783
1,200,frontoparietal || somatosensory,4,7.7994428969359335,0.5128571428571428
1,200,dorsal attention || ventral attention,3,6.833797585886723,0.4389945652173913
1,200,ventral attention || ventral attention,3,3.203342618384401,0.9365217391304348
1,200,default mode || visual,3,13.871866295264624,0.21626506024096384
1,200,default mode || ventral attention,3,11.816774992262458,0.25387637506547933
1,200,frontoparietal || ventral attention,1,6.406685236768802,0.15608695652173912
1,200,frontoparietal || visual,1,7.520891364902507,0.13296296296296295
1,200,limbic || ventral attention,1,3.986381925100588,0.2508540372670808
1,500,visual || visual,97,11.07242339832869,8.76050314465409
1,500,dorsal attention || visual,71,20.055710306406684,3.540138888888889
1,500,dorsal attention || dorsal attention,42,8.72794800371402,4.812127659574468
1,500,default mode || dorsal attention,39,30.826369545032495,1.2651506024096386
1,500,somatosensory || ventral attention,31,19.93190962550294,1.5552950310559006
1,500,default mode || frontoparietal,27,28.899721448467965,0.9342650602409639
1,500,default mode || default mode,27,26.330857319715257,1.0254128709961798
1,500,dorsal attention || frontoparietal,26,16.71309192200557,1.5556666666666668
1,500,somatosensory || somatosensory,18,11.915815536985452,1.5105974025974027
1,500,frontoparietal || frontoparietal,17,7.66016713091922,2.2192727272727275
1,500,dorsal attention || ventral attention,14,17.084493964716806,0.8194565217391304
1,500,default mode || somatosensory,14,35.964097802537914,0.3892771084337349
1,500,dorsal attention || somatosensory,13,20.798514391829155,0.6250446428571429
1,500,ventral attention || ventral attention,12,8.008356545961002,1.498434782608696
1,500,default mode || visual,12,34.67966573816156,0.34602409638554216
1,500,default mode || ventral attention,12,29.54193748065614,0.40620220010476693
1,500,frontoparietal || somatosensory,10,19.498607242339833,0.5128571428571429
1,500,frontoparietal || ventral attention,6,16.016713091922004,0.374608695652174
1,500,frontoparietal || visual,4,18.802228412256266,0.21274074074074076
1,500,limbic || limbic,3,2.9247910863509747,1.0257142857142858
1,500,default mode || limbic,2,17.982048901268957,0.11122203098106713
1,500,limbic || ventral attention,1,9.96595481275147,0.1003416149068323
1,500,frontoparietal || limbic,1,9.749303621169917,0.10257142857142856
1,500,limbic || visual,1,11.699164345403899,0.08547619047619048
2,100,visual || visual,31,2.214484679665738,13.998742138364781
2,100,dorsal attention || visual,20,4.011142061281337,4.986111111111112
2,100,dorsal attention || dorsal attention,9,1.745589600742804,5.155851063829788
2,100,somatosensory || ventral attention,8,3.986381925100588,2.006832298136646
2,100,default mode || dorsal attention,7,6.165273909006499,1.1353915662650602
2,100,default mode || somatosensory,4,7.192819560507583,0.5561101549053357
2,100,default mode || ventral attention,4,5.908387496131229,0.6770036668412781
2,100,dorsal attention || frontoparietal,3,3.3426183844011144,0.8975
2,100,somatosensory || somatosensory,3,2.3831631073970905,1.2588311688311689
2,100,frontoparietal || somatosensory,2,3.8997214484679668,0.5128571428571428
2,100,default mode || visual,2,6.935933147632312,0.2883534136546185
2,100,default mode || frontoparietal,1,5.779944289693593,0.17301204819277108
2,100,dorsal attention || ventral attention,1,3.4168987929433614,0.29266304347826083
2,100,frontoparietal || ventral attention,1,3.203342618384401,0.31217391304347825
2,100,dorsal attention || somatosensory,1,4.159702878365831,0.24040178571428572
2,100,frontoparietal || visual,1,3.7604456824512535,0.2659259259259259
2,100,default mode || default mode,1,5.266171463943052,0.18989127240669995
2,100,ventral attention || ventral attention,1,1.6016713091922006,0.6243478260869565
2,200,visual || visual,51,4.428969359331476,11.515094339622642
2,200,dorsal attention || visual,33,8.022284122562674,4.113541666666666
2,200,somatosensory || ventral attention,16,7.972763850201176,2.006832298136646
2,200,dorsal attention || dorsal attention,16,3.491179201485608,4.582978723404255
2,200,default mode || dorsal attention,14,12.330547818012999,1.1353915662650602
2,200,dorsal attention || frontoparietal,11,6.685236768802229,1.6454166666666665
2,200,somatosensory || somatosensory,8,4.766326214794181,1.6784415584415586
2,200,default mode || default mode,8,10.532342927886104,0.7595650896267998
2,200,default mode || somatosensory,7,14.385639121015165,0.48659638554216866
2,200,default mode || ventral attention,7,11.816774992262458,0.5923782084861183
2,200,default mode || visual,5,13.871866295264624,0.3604417670682731
2,200,default mode || frontoparietal,4,11.559888579387186,0.34602409638554216
2,200,ventral attention || ventral attention,4,3.203342618384401,1.248695652173913
2,200,frontoparietal || frontoparietal,4,3.064066852367688,1.3054545454545454
2,200,dorsal attention || ventral attention,3,6.833797585886723,0.4389945652173913
2,200,frontoparietal || visual,3,7.520891364902507,0.3988888888888889
2,200,frontoparietal || somatosensory,3,7.7994428969359335,0.3846428571428571
2,200,dorsal attention || somatosensory,2,8.319405756731662,0.24040178571428572
2,200,frontoparietal || ventral attention,1,6.406685236768802,0.15608695652173912
2,500,visual || visual,87,11.07242339832869,7.857358490566038
2,500,dorsal attention || visual,66,20.055710306406684,3.2908333333333335
2,500,dorsal attention || dorsal attention,47,8.72794800371402,5.385
2,500,somatosensory || ventral attention,31,19.93190962550294,1.5552950310559006
2,500,somatosensory || somatosensory,29,11.915815536985452,2.43374025974026
2,500,dorsal attention || frontoparietal,28,16.71309192200557,1.6753333333333333
2,500,default mode || default mode,28,26.330857319715257,1.06339112547752
2,500,default mode || dorsal attention,27,30.826369545032495,0.8758734939759036
2,500,default mode || ventral attention,25,29.54193748065614,0.8462545835515978
2,500,default mode || frontoparietal,21,28.899721448467965,0.7266506024096386
2,500,frontoparietal || frontoparietal,17,7.66016713091922,2.2192727272727275
2,500,default mode || somatosensory,14,35.964097802537914,0.3892771084337349
2,500,dorsal attention || somatosensory,14,20.798514391829155,0.673125
2,500,default mode || visual,14,34.67966573816156,0.40369477911646584
2,500,dorsal attention || ventral attention,12,17.084493964716806,0.702391304347826
2,500,ventral attention || ventral attention,12,8.008356545961002,1.498434782608696
2,500,frontoparietal || ventral attention,11,16.016713091922004,0.6867826086956522
2,500,frontoparietal || somatosensory,7,19.498607242339833,0.359
2,500,frontoparietal || visual,5,18.802228412256266,0.26592592592592595
2,500,limbic || limbic,2,2.9247910863509747,0.6838095238095239
2,500,limbic || ventral attention,1,9.96595481275147,0.1003416149068323
2,500,frontoparietal || limbic,1,9.749303621169917,0.10257142857142856
2,500,default mode || limbic,1,17.982048901268957,0.055611015490533565
3,100,visual || visual,29,2.214484679665738,13.09559748427673
3,100,dorsal attention || dorsal attention,18,1.745589600742804,10.311702127659576
3,100,dorsal attention || visual,15,4.011142061281337,3.7395833333333335
3,100,default mode || dorsal attention,10,6.165273909006499,1.6219879518072289
3,100,dorsal attention || frontoparietal,8,3.3426183844011144,2.393333333333333
3,100,somatosensory || ventral attention,6,3.986381925100588,1.5051242236024844
3,100,default mode || frontoparietal,5,5.779944289693593,0.8650602409638555
3,100,dorsal attention || ventral attention,2,3.4168987929433614,0.5853260869565217
3,100,default mode || visual,2,6.935933147632312,0.2883534136546185
3,100,frontoparietal || somatosensory,1,3.8997214484679668,0.2564285714285714
3,100,frontoparietal || ventral attention,1,3.203342618384401,0.31217391304347825
3,100,ventral attention || ventral attention,1,1.6016713091922006,0.6243478260869565
3,100,default mode || ventral attention,1,5.908387496131229,0.16925091671031953
3,100,somatosensory || somatosensory,1,2.3831631073970905,0.41961038961038966
3,200,visual || visual,45,4.428969359331476,10.160377358490567
3,200,dorsal attention || dorsal attention,34,3.491179201485608,9.738829787234042
3,200,dorsal attention || visual,34,8.022284122562674,4.238194444444445
3,200,default mode || dorsal attention,17,12.330547818012999,1.3786897590361447
3,200,default mode || default mode,11,10.532342927886104,1.0444019982368498
3,200,dorsal attention || frontoparietal,10,6.685236768802229,1.4958333333333333
3,200,somatosensory || ventral attention,10,7.972763850201176,1.2542701863354038
3,200,default mode || frontoparietal,6,11.559888579387186,0.5190361445783133
3,200,dorsal attention || ventral attention,5,6.833797585886723,0.7316576086956521
3,200,somatosensory || somatosensory,5,4.766326214794181,1.0490259740259742
3,200,frontoparietal || frontoparietal,4,3.064066852367688,1.3054545454545454
3,200,frontoparietal || somatosensory,3,7.7994428969359335,0.3846428571428571
3,200,default mode || visual,3,13.871866295264624,0.21626506024096384
3,200,ventral attention || ventral attention,3,3.203342618384401,0.9365217391304348
3,200,dorsal attention || somatosensory,3,8.319405756731662,0.3606026785714286
3,200,default mode || somatosensory,3,14.385639121015165,0.20854130808950086
3,200,frontoparietal || ventral attention,2,6.406685236768802,0.31217391304347825
3,200,default mode || ventral attention,1,11.816774992262458,0.08462545835515976
3,200,limbic || ventral attention,1,3.986381925100588,0.2508540372670808
3,500,visual || visual,97,11.07242339832869,8.76050314465409
3,500,dorsal attention || visual,70,20.055710306406684,3.490277777777778
3,500,dorsal attention || dorsal attention,56,8.72794800371402,6.416170212765957
3,500,default mode || default mode,34,26.330857319715257,1.2912606523655599
3,500,default mode || dorsal attention,33,30.826369545032495,1.0705120481927712
3,500,somatosensory || ventral attention,31,19.93190962550294,1.5552950310559006
3,500,dorsal attention || frontoparietal,28,16.71309192200557,1.6753333333333333
3,500,default mode || frontoparietal,16,28.899721448467965,0.5536385542168675
3,500,dorsal attention || somatosensory,16,20.798514391829155,0.7692857142857142
3,500,default mode || somatosensory,16,35.964097802537914,0.4448881239242685
3,500,dorsal attention || ventral attention,15,17.084493964716806,0.8779891304347825
3,500,somatosensory || somatosensory,15,11.915815536985452,1.258831168831169
3,500,frontoparietal || frontoparietal,15,7.66016713091922,1.9581818181818182
3,500,default mode || ventral attention,13,29.54193748065614,0.44005238344683084
3,500,ventral attention || ventral attention,11,8.008356545961002,1.3735652173913044
3,500,frontoparietal || somatosensory,9,19.498607242339833,0.4615714285714286
3,500,default mode || visual,9,34.67966573816156,0.25951807228915663
3,500,frontoparietal || visual,6,18.802228412256266,0.3191111111111111
3,500,frontoparietal || ventral attention,5,16.016713091922004,0.3121739130434783
3,500,limbic || limbic,2,2.9247910863509747,0.6838095238095239
3,500,default mode || limbic,2,17.982048901268957,0.11122203098106713
3,500,limbic || ventral attention,1,9.96595481275147,0.1003416149068323
4,100,visual || visual,33,2.214484679665738,14.901886792452832
4,100,dorsal attention || visual,23,4.011142061281337,5.734027777777778
4,100,dorsal attention || dorsal attention,17,1.745589600742804,9.738829787234042
4,100,default mode || dorsal attention,13,6.165273909006499,2.1085843373493978
4,100,dorsal attention || frontoparietal,5,3.3426183844011144,1.4958333333333333
4,100,default mode || visual,3,6.935933147632312,0.4325301204819277
4,100,default mode || default mode,3,5.266171463943052,0.5696738172200999
4,100,default mode || frontoparietal,2,5.779944289693593,0.34602409638554216
4,100,somatosensory || ventral attention,1,3.986381925100588,0.2508540372670808
4,200,visual || visual,65,4.428969359331476,14.676100628930818
4,200,dorsal attention || visual,40,8.022284122562674,4.986111111111112
4,200,dorsal attention || dorsal attention,31,3.491179201485608,8.879521276595746
4,200,default mode || dorsal attention,21,12.330547818012999,1.7030873493975904
4,200,dorsal attention || frontoparietal,9,6.685236768802229,1.34625
4,200,default mode || default mode,8,10.532342927886104,0.7595650896267998
4,200,default mode || visual,5,13.871866295264624,0.3604417670682731
4,200,somatosensory || ventral attention,5,7.972763850201176,0.6271350931677019
4,200,default mode || frontoparietal,4,11.559888579387186,0.34602409638554216
4,200,default mode || somatosensory,3,14.385639121015165,0.20854130808950086
4,200,default mode || ventral attention,3,11.816774992262458,0.25387637506547933
4,200,dorsal attention || ventral attention,2,6.833797585886723,0.29266304347826083
4,200,frontoparietal || frontoparietal,1,3.064066852367688,0.32636363636363636
4,200,frontoparietal || visual,1,7.520891364902507,0.13296296296296295
4,200,frontoparietal || somatosensory,1,7.7994428969359335,0.1282142857142857
4,200,ventral attention || ventral attention,1,3.203342618384401,0.31217391304347825
4,500,visual || visual,127,11.07242339832869,11.46993710691824
4,500,dorsal attention || visual,76,20.055710306406684,3.7894444444444444
4,500,dorsal attention || dorsal attention,60,8.72794800371402,6.874468085106383
4,500,default mode || dorsal attention,37,30.826369545032495,1.2002710843373494
4,500,default mode || somatosensory,24,35.964097802537914,0.6673321858864028
4,500,dorsal attention || frontoparietal,23,16.71309192200557,1.3761666666666668
4,500,default mode || default mode,22,26.330857319715257,0.8355215985894799
4,500,somatosensory || ventral attention,19,19.93190962550294,0.9532453416149069
4,500,default mode || frontoparietal,18,28.899721448467965,0.6228433734939759
4,500,default mode || visual,17,34.67966573816156,0.4902008032128514
4,500,dorsal attention || ventral attention,13,17.084493964716806,0.7609239130434783
4,500,default mode || ventral attention,12,29.54193748065614,0.40620220010476693
4,500,dorsal attention || somatosensory,11,20.798514391829155,0.5288839285714286
4,500,frontoparietal || frontoparietal,10,7.66016713091922,1.3054545454545454
4,500,frontoparietal || visual,10,18.802228412256266,0.5318518518518519
4,500,somatosensory || somatosensory,7,11.915815536985452,0.5874545454545456
4,500,ventral attention || ventral attention,6,8.008356545961002,0.749217391304348
4,500,frontoparietal || somatosensory,4,19.498607242339833,0.20514285714285713
4,500,default mode || limbic,2,17.982048901268957,0.11122203098106713
4,500,dorsal attention || limbic,1,10.399257195914577,0.09616071428571428
4,500,frontoparietal || ventral attention,1,16.016713091922004,0.06243478260869566
5,100,visual || visual,30,2.214484679665738,13.547169811320755
5,100,dorsal attention || dorsal attention,22,1.745589600742804,12.603191489361702
5,100,dorsal attention || visual,18,4.011142061281337,4.4875
5,100,default mode || dorsal attention,11,6.165273909006499,1.7841867469879518
5,100,dorsal attention || frontoparietal,8,3.3426183844011144,2.393333333333333
5,100,default mode || frontoparietal,3,5.779944289693593,0.5190361445783133
5,100,somatosensory || ventral attention,2,3.986381925100588,0.5017080745341616
5,100,frontoparietal || frontoparietal,2,1.532033426183844,1.3054545454545454
5,100,default mode || visual,1,6.935933147632312,0.14417670682730924
5,100,frontoparietal || somatosensory,1,3.8997214484679668,0.2564285714285714
5,100,default mode || ventral attention,1,5.908387496131229,0.16925091671031953
5,100,dorsal attention || somatosensory,1,4.159702878365831,0.24040178571428572
5,200,visual || visual,43,4.428969359331476,9.708805031446541
5,200,dorsal attention || visual,42,8.022284122562674,5.235416666666667
5,200,dorsal attention || dorsal attention,36,3.491179201485608,10.311702127659576
5,200,default mode || dorsal attention,23,12.330547818012999,1.8652861445783133
5,200,dorsal attention || frontoparietal,17,6.685236768802229,2.5429166666666667
5,200,somatosensory || ventral attention,6,7.972763850201176,0.7525621118012422
5,200,frontoparietal || frontoparietal,6,3.064066852367688,1.9581818181818182
5,200,default mode || frontoparietal,5,11.559888579387186,0.43253012048192774
5,200,default mode || visual,3,13.871866295264624,0.21626506024096384
5,200,dorsal attention || somatosensory,3,8.319405756731662,0.3606026785714286
5,200,frontoparietal || somatosensory,2,7.7994428969359335,0.2564285714285714
5,200,default mode || ventral attention,2,11.816774992262458,0.16925091671031953
5,200,ventral attention || ventral attention,2,3.203342618384401,0.6243478260869565
5,200,dorsal attention || ventral attention,2,6.833797585886723,0.29266304347826083
5,200,default mode || default mode,2,10.532342927886104,0.18989127240669995
5,200,frontoparietal || visual,2,7.520891364902507,0.2659259259259259
5,200,default mode || somatosensory,2,14.385639121015165,0.13902753872633392
5,200,frontoparietal || ventral attention,1,6.406685236768802,0.15608695652173912
5,200,somatosensory || somatosensory,1,4.766326214794181,0.20980519480519483
5,500,visual || visual,99,11.07242339832869,8.9411320754717
5,500,dorsal attention || visual,82,20.055710306406684,4.088611111111112
5,500,dorsal attention || dorsal attention,69,8.72794800371402,7.90563829787234
5,500,default mode || dorsal attention,46,30.826369545032495,1.4922289156626507
5,500,dorsal attention || frontoparietal,35,16.71309192200557,2.0941666666666667
5,500,somatosensory || ventral attention,22,19.93190962550294,1.1037577639751552
5,500,default mode || default mode,20,26.330857319715257,0.7595650896267999
5,500,frontoparietal || frontoparietal,19,7.66016713091922,2.4803636363636365
5,500,default mode || somatosensory,17,35.964097802537914,0.47269363166953526
5,500,default mode || frontoparietal,15,28.899721448467965,0.5190361445783133
5,500,default mode || visual,12,34.67966573816156,0.34602409638554216
5,500,dorsal attention || somatosensory,12,20.798514391829155,0.5769642857142857
5,500,somatosensory || somatosensory,11,11.915815536985452,0.9231428571428573
5,500,default mode || ventral attention,10,29.54193748065614,0.3385018334206391
5,500,dorsal attention || ventral attention,9,17.084493964716806,0.5267934782608695
5,500,frontoparietal || somatosensory,7,19.498607242339833,0.359
5,500,ventral attention || ventral attention,5,8.008356545961002,0.6243478260869566
5,500,frontoparietal || visual,5,18.802228412256266,0.26592592592592595
5,500,frontoparietal || ventral attention,4,16.016713091922004,0.24973913043478263
5,500,default mode || limbic,1,17.982048901268957,0.055611015490533565
6,100,visual || visual,31,2.214484679665738,13.998742138364781
6,100,dorsal attention || visual,28,4.011142061281337,6.980555555555556
6,100,default mode || dorsal attention,9,6.165273909006499,1.459789156626506
6,100,somatosensory || ventral attention,5,3.986381925100588,1.2542701863354038
6,100,dorsal attention || dorsal attention,5,1.745589600742804,2.8643617021276597
6,100,dorsal attention || frontoparietal,4,3.3426183844011144,1.1966666666666665
6,100,default mode || frontoparietal,3,5.779944289693593,0.5190361445783133
6,100,default mode || ventral attention,2,5.908387496131229,0.33850183342063905
6,100,default mode || default mode,2,5.266171463943052,0.3797825448133999
6,100,frontoparietal || frontoparietal,2,1.532033426183844,1.3054545454545454
6,100,dorsal attention || ventral attention,2,3.4168987929433614,0.5853260869565217
6,100,frontoparietal || somatosensory,1,3.8997214484679668,0.2564285714285714
6,100,default mode || visual,1,6.935933147632312,0.14417670682730924
6,100,frontoparietal || ventral attention,1,3.203342618384401,0.31217391304347825
6,100,default mode || somatosensory,1,7.192819560507583,0.13902753872633392
6,100,frontoparietal || visual,1,3.7604456824512535,0.2659259259259259
6,100,ventral attention || ventral attention,1,1.6016713091922006,0.6243478260869565
6,100,somatosensory || somatosensory,1,2.3831631073970905,0.41961038961038966
6,200,visual || visual,54,4.428969359331476,12.19245283018868
6,200,dorsal attention || visual,39,8.022284122562674,4.861458333333333
6,200,default mode || dorsal attention,18,12.330547818012999,1.459789156626506
6,200,dorsal attention || dorsal attention,16,3.491179201485608,4.582978723404255
6,200,default mode || frontoparietal,9,11.559888579387186,0.77855421686747
6,200,somatosensory || ventral attention,8,7.972763850201176,1.003416149068323
6,200,default mode || somatosensory,8,14.385639121015165,0.5561101549053357
6,200,frontoparietal || frontoparietal,8,3.064066852367688,2.610909090909091
6,200,dorsal attention || frontoparietal,7,6.685236768802229,1.0470833333333334
6,200,default mode || visual,6,13.871866295264624,0.4325301204819277
6,200,default mode || default mode,5,10.532342927886104,0.4747281810167499
6,200,ventral attention || ventral attention,5,3.203342618384401,1.5608695652173912
6,200,default mode || ventral attention,4,11.816774992262458,0.33850183342063905
6,200,dorsal attention || ventral attention,4,6.833797585886723,0.5853260869565217
6,200,frontoparietal || somatosensory,2,7.7994428969359335,0.2564285714285714
6,200,frontoparietal || visual,2,7.520891364902507,0.2659259259259259
6,200,somatosensory || somatosensory,2,4.766326214794181,0.41961038961038966
6,200,dorsal attention || somatosensory,2,8.319405756731662,0.24040178571428572
6,200,frontoparietal || ventral attention,1,6.406685236768802,0.15608695652173912
6,500,visual || visual,100,11.07242339832869,9.031446540880504
6,500,dorsal attention || visual,74,20.055710306406684,3.6897222222222226
6,500,dorsal attention || dorsal attention,44,8.72794800371402,5.041276595744681
6,500,somatosensory || ventral attention,35,19.93190962550294,1.7559782608695653
6,500,default mode || dorsal attention,35,30.826369545032495,1.1353915662650604
6,500,default mode || default mode,31,26.330857319715257,1.1773258889215399
6,500,default mode || frontoparietal,24,28.899721448467965,0.8304578313253013
6,500,dorsal attention || frontoparietal,22,16.71309192200557,1.3163333333333334
6,500,frontoparietal || frontoparietal,19,7.66016713091922,2.4803636363636365
6,500,default mode || somatosensory,16,35.964097802537914,0.4448881239242685
6,500,default mode || visual,15,34.67966573816156,0.4325301204819277
6,500,ventral attention || ventral attention,15,8.008356545961002,1.8730434782608698
6,500,somatosensory || somatosensory,15,11.915815536985452,1.258831168831169
6,500,dorsal attention || ventral attention,13,17.084493964716806,0.7609239130434783
6,500,default mode || ventral attention,10,29.54193748065614,0.3385018334206391
6,500,frontoparietal || somatosensory,9,19.498607242339833,0.4615714285714286
6,500,dorsal attention || somatosensory,9,20.798514391829155,0.4327232142857143
6,500,frontoparietal || visual,7,18.802228412256266,0.37229629629629635
6,500,frontoparietal || ventral attention,5,16.016713091922004,0.3121739130434783
6,500,ventral attention || visual,1,19.220055710306404,0.052028985507246384
6,500,limbic || limbic,1,2.9247910863509747,0.34190476190476193
7,100,visual || visual,32,2.214484679665738,14.450314465408805
7,100,dorsal attention || dorsal attention,17,1.745589600742804,9.738829787234042
7,100,dorsal attention || visual,14,4.011142061281337,3.490277777777778
7,100,default mode || dorsal attention,11,6.165273909006499,1.7841867469879518
7,100,dorsal attention || frontoparietal,9,3.3426183844011144,2.6925
7,100,somatosensory || ventral attention,4,3.986381925100588,1.003416149068323
7,100,default mode || frontoparietal,3,5.779944289693593,0.5190361445783133
7,100,default mode || visual,2,6.935933147632312,0.2883534136546185
7,100,default mode || ventral attention,2,5.908387496131229,0.33850183342063905
7,100,dorsal attention || ventral attention,1,3.4168987929433614,0.29266304347826083
7,100,frontoparietal || ventral attention,1,3.203342618384401,0.31217391304347825
7,100,frontoparietal || somatosensory,1,3.8997214484679668,0.2564285714285714
7,100,dorsal attention || somatosensory,1,4.159702878365831,0.24040178571428572
7,100,frontoparietal || frontoparietal,1,1.532033426183844,0.6527272727272727
7,100,somatosensory || somatosensory,1,2.3831631073970905,0.41961038961038966
7,200,visual || visual,49,4.428969359331476,11.063522012578616
7,200,dorsal attention || dorsal attention,35,3.491179201485608,10.025265957446809
7,200,dorsal attention || visual,33,8.022284122562674,4.113541666666666
7,200,default mode || dorsal attention,16,12.330547818012999,1.297590361445783
7,200,dorsal attention || frontoparietal,14,6.685236768802229,2.0941666666666667
7,200,somatosensory || ventral attention,10,7.972763850201176,1.2542701863354038
7,200,default mode || default mode,8,10.532342927886104,0.7595650896267998
7,200,default mode || frontoparietal,6,11.559888579387186,0.5190361445783133
7,200,default mode || visual,5,13.871866295264624,0.3604417670682731
7,200,dorsal attention || ventral attention,4,6.833797585886723,0.5853260869565217
7,200,default mode || ventral attention,3,11.816774992262458,0.25387637506547933
7,200,frontoparietal || somatosensory,3,7.7994428969359335,0.3846428571428571
7,200,frontoparietal || frontoparietal,3,3.064066852367688,0.9790909090909091
7,200,somatosensory || somatosensory,3,4.766326214794181,0.6294155844155844
7,200,default mode || somatosensory,3,14.385639121015165,0.20854130808950086
7,200,dorsal attention || somatosensory,2,8.319405756731662,0.24040178571428572
7,200,frontoparietal || ventral attention,1,6.406685236768802,0.15608695652173912
7,200,ventral attention || ventral attention,1,3.203342618384401,0.31217391304347825
7,200,frontoparietal || visual,1,7.520891364902507,0.13296296296296295
7,500,visual || visual,100,11.07242339832869,9.031446540880504
7,500,dorsal attention || visual,74,20.055710306406684,3.6897222222222226
7,500,dorsal attention || dorsal attention,56,8.72794800371402,6.416170212765957
7,500,default mode || dorsal attention,34,30.826369545032495,1.1029518072289157
7,500,dorsal attention || frontoparietal,33,16.71309192200557,1.9745
7,500,somatosensory || ventral attention,28,19.93190962550294,1.4047826086956523
7,500,default mode || default mode,28,26.330857319715257,1.06339112547752
7,500,frontoparietal || frontoparietal,18,7.66016713091922,2.349818181818182
7,500,somatosensory || somatosensory,17,11.915815536985452,1.4266753246753248
7,500,default mode || somatosensory,17,35.964097802537914,0.47269363166953526
7,500,default mode || ventral attention,16,29.54193748065614,0.5416029334730226
7,500,default mode || frontoparietal,13,28.899721448467965,0.44983132530120484
7,500,default mode || visual,13,34.67966573816156,0.374859437751004
7,500,dorsal attention || somatosensory,11,20.798514391829155,0.5288839285714286
7,500,dorsal attention || ventral attention,10,17.084493964716806,0.5853260869565218
7,500,frontoparietal || ventral attention,9,16.016713091922004,0.561913043478261
7,500,ventral attention || ventral attention,9,8.008356545961002,1.123826086956522
7,500,frontoparietal || somatosensory,6,19.498607242339833,0.3077142857142857
7,500,frontoparietal || visual,6,18.802228412256266,0.3191111111111111
7,500,default mode || limbic,1,17.982048901268957,0.055611015490533565
7,500,limbic || visual,1,11.699164345403899,0.08547619047619048
8,100,visual || visual,33,2.214484679665738,14.901886792452832
8,100,dorsal attention || visual,23,4.011142061281337,5.734027777777778
8,100,dorsal attention || dorsal attention,18,1.745589600742804,10.311702127659576
8,100,default mode || dorsal attention,12,6.165273909006499,1.9463855421686747
8,100,dorsal attention || frontoparietal,4,3.3426183844011144,1.1966666666666665
8,100,default mode || visual,3,6.935933147632312,0.4325301204819277
8,100,default mode || frontoparietal,2,5.779944289693593,0.34602409638554216
8,100,somatosensory || ventral attention,2,3.986381925100588,0.5017080745341616
8,100,frontoparietal || visual,1,3.7604456824512535,0.2659259259259259
8,100,default mode || somatosensory,1,7.192819560507583,0.13902753872633392
8,100,default mode || default mode,1,5.266171463943052,0.18989127240669995
8,200,visual || visual,66,4.428969359331476,14.901886792452832
8,200,dorsal attention || visual,42,8.022284122562674,5.235416666666667
8,200,dorsal attention || dorsal attention,30,3.491179201485608,8.59308510638298
8,200,default mode || dorsal attention,23,12.330547818012999,1.8652861445783133
8,200,dorsal attention || frontoparietal,9,6.685236768802229,1.34625
8,200,default mode || default mode,7,10.532342927886104,0.6646194534234499
8,200,default mode || visual,6,13.871866295264624,0.4325301204819277
8,200,default mode || frontoparietal,3,11.559888579387186,0.25951807228915663
8,200,somatosensory || ventral attention,3,7.972763850201176,0.3762810559006211
8,200,frontoparietal || visual,3,7.520891364902507,0.3988888888888889
8,200,default mode || somatosensory,2,14.385639121015165,0.13902753872633392
8,200,frontoparietal || somatosensory,2,7.7994428969359335,0.2564285714285714
8,200,default mode || ventral attention,1,11.816774992262458,0.08462545835515976
8,200,dorsal attention || somatosensory,1,8.319405756731662,0.12020089285714286
8,200,ventral attention || ventral attention,1,3.203342618384401,0.31217391304347825
8,200,frontoparietal || frontoparietal,1,3.064066852367688,0.32636363636363636
8,500,visual || visual,133,11.07242339832869,12.01182389937107
8,500,dorsal attention || visual,79,20.055710306406684,3.939027777777778
8,500,dorsal attention || dorsal attention,56,8.72794800371402,6.416170212765957
8,500,default mode || dorsal attention,33,30.826369545032495,1.0705120481927712
8,500,default mode || default mode,27,26.330857319715257,1.0254128709961798
8,500,dorsal attention || frontoparietal,21,16.71309192200557,1.2565
8,500,default mode || visual,21,34.67966573816156,0.6055421686746988
8,500,somatosensory || ventral attention,21,19.93190962550294,1.0535869565217393
8,500,default mode || somatosensory,20,35.964097802537914,0.5561101549053357
8,500,default mode || frontoparietal,15,28.899721448467965,0.5190361445783133
8,500,dorsal attention || ventral attention,13,17.084493964716806,0.7609239130434783
8,500,frontoparietal || visual,12,18.802228412256266,0.6382222222222222
8,500,default mode || ventral attention,12,29.54193748065614,0.40620220010476693
8,500,dorsal attention || somatosensory,10,20.798514391829155,0.48080357142857144
8,500,frontoparietal || frontoparietal,10,7.66016713091922,1.3054545454545454
8,500,ventral attention || ventral attention,5,8.008356545961002,0.6243478260869566
8,500,frontoparietal || somatosensory,4,19.498607242339833,0.20514285714285713
8,500,frontoparietal || ventral attention,3,16.016713091922004,0.187304347826087
8,500,somatosensory || somatosensory,3,11.915815536985452,0.2517662337662338
8,500,default mode || limbic,2,17.982048901268957,0.11122203098106713
9,100,visual || visual,38,2.214484679665738,17.159748427672955
9,100,dorsal attention || visual,26,4.011142061281337,6.481944444444444
9,100,default mode || dorsal attention,10,6.165273909006499,1.6219879518072289
9,100,dorsal attention || dorsal attention,9,1.745589600742804,5.155851063829788
9,100,dorsal attention || frontoparietal,3,3.3426183844011144,0.8975
9,100,somatosensory || ventral attention,3,3.986381925100588,0.7525621118012422
9,100,default mode || default mode,3,5.266171463943052,0.5696738172200999
9,100,default mode || frontoparietal,2,5.779944289693593,0.34602409638554216
9,100,default mode || visual,2,6.935933147632312,0.2883534136546185
9,100,frontoparietal || frontoparietal,1,1.532033426183844,0.6527272727272727
9,100,default mode || ventral attention,1,5.908387496131229,0.16925091671031953
9,100,default mode || somatosensory,1,7.192819560507583,0.13902753872633392
9,100,ventral attention || ventral attention,1,1.6016713091922006,0.6243478260869565
9,200,visual || visual,64,4.428969359331476,14.450314465408805
9,200,dorsal attention || visual,39,8.022284122562674,4.861458333333333
9,200,dorsal attention || dorsal attention,21,3.491179201485608,6.015159574468085
9,200,default mode || dorsal attention,18,12.330547818012999,1.459789156626506
9,200,somatosensory || ventral attention,11,7.972763850201176,1.3796972049689442
9,200,dorsal attention || frontoparietal,8,6.685236768802229,1.1966666666666665
9,200,default mode || default mode,7,10.532342927886104,0.6646194534234499
9,200,default mode || frontoparietal,6,11.559888579387186,0.5190361445783133
9,200,default mode || visual,6,13.871866295264624,0.4325301204819277
9,200,frontoparietal || frontoparietal,5,3.064066852367688,1.6318181818181818
9,200,default mode || somatosensory,5,14.385639121015165,0.3475688468158348
9,200,default mode || ventral attention,2,11.816774992262458,0.16925091671031953
9,200,ventral attention || ventral attention,2,3.203342618384401,0.6243478260869565
9,200,frontoparietal || visual,2,7.520891364902507,0.2659259259259259
9,200,frontoparietal || somatosensory,2,7.7994428969359335,0.2564285714285714
9,200,somatosensory || somatosensory,1,4.766326214794181,0.20980519480519483
9,200,dorsal attention || ventral attention,1,6.833797585886723,0.14633152173913042
9,500,visual || visual,123,11.07242339832869,11.10867924528302
9,500,dorsal attention || visual,80,20.055710306406684,3.988888888888889
9,500,dorsal attention || dorsal attention,49,8.72794800371402,5.614148936170213
9,500,default mode || dorsal attention,36,30.826369545032495,1.167831325301205
9,500,somatosensory || ventral attention,29,19.93190962550294,1.4549534161490685
9,500,default mode || default mode,24,26.330857319715257,0.91147810755216
9,500,default mode || frontoparietal,23,28.899721448467965,0.795855421686747
9,500,default mode || somatosensory,19,35.964097802537914,0.5283046471600689
9,500,frontoparietal || frontoparietal,17,7.66016713091922,2.2192727272727275
9,500,dorsal attention || frontoparietal,16,16.71309192200557,0.9573333333333334
9,500,default mode || visual,16,34.67966573816156,0.4613654618473896
9,500,ventral attention || ventral attention,14,8.008356545961002,1.7481739130434786
9,500,dorsal attention || ventral attention,14,17.084493964716806,0.8194565217391304
9,500,somatosensory || somatosensory,9,11.915815536985452,0.7552987012987014
9,500,frontoparietal || visual,8,18.802228412256266,0.4254814814814815
9,500,default mode || ventral attention,5,29.54193748065614,0.16925091671031955
9,500,dorsal attention || somatosensory,5,20.798514391829155,0.24040178571428572
9,500,frontoparietal || somatosensory,4,19.498607242339833,0.20514285714285713
9,500,frontoparietal || ventral attention,4,16.016713091922004,0.24973913043478263
9,500,limbic || limbic,2,2.9247910863509747,0.6838095238095239
9,500,default mode || limbic,2,17.982048901268957,0.11122203098106713
9,500,dorsal attention || limbic,1,10.399257195914577,0.09616071428571428
