parcellation,seed,pc,explained_var_ratio,FC_to_PC_R2,AUC_MZ,AUC_DZ,AUC_sibling,confound_R2_test
Glasser,0,1,0.038266152143478394,0.5928385257720947,0.8222576643629276,0.5038236617183987,0.48832748538011694,0.8913524746894836
Glasser,0,2,0.016162710264325142,0.00043827295303344727,0.6413255360623782,0.4309491677912731,0.5781052631578947,0.07895225286483765
Glasser,0,3,0.014942423440515995,0.2560836672782898,0.7327662590820485,0.601889338731444,0.583812865497076,-0.06186568737030029
Glasser,0,4,0.01361047849059105,0.09054625034332275,0.6928938507885876,0.7004048582995952,0.5619181286549707,-0.023346304893493652
Glasser,0,5,0.01182618923485279,0.09178084135055542,0.6576289207868156,0.34727845254161044,0.5699649122807018,0.03513216972351074
Glasser,0,6,0.011088513769209385,0.03377842903137207,0.7621832358674464,0.680161943319838,0.5559298245614035,0.26182061433792114
Glasser,0,7,0.010514840483665466,0.05128270387649536,0.6388445862130072,0.5254161043634727,0.584701754385965,0.05969405174255371
Glasser,0,8,0.009393305517733097,0.06849002838134766,0.571150097465887,0.5060728744939271,0.5706666666666668,0.030992209911346436
Glasser,0,9,0.008840508759021759,0.05038785934448242,0.6528442317916002,0.5416104363472785,0.49426900584795325,0.08859264850616455
Glasser,0,10,0.008667432703077793,0.0777861475944519,0.6716285663654085,0.5677013045434098,0.5830643274853801,0.04719066619873047
Glasser,1,1,0.03807353600859642,0.5940310955047607,0.7733333333333333,0.7042424242424242,0.368135593220339,0.894760012626648
Glasser,1,2,0.015340162441134453,0.046142578125,0.6850793650793651,0.4381818181818182,0.6405084745762711,0.03720170259475708
Glasser,1,3,0.014629922807216644,0.20516633987426758,0.627936507936508,0.3727272727272727,0.5258757062146893,0.0024850964546203613
Glasser,1,4,0.014030271209776402,0.11602962017059326,0.659047619047619,0.43939393939393934,0.5731638418079096,-0.033028364181518555
Glasser,1,5,0.01134508103132248,0.16817986965179443,0.6038095238095238,0.5424242424242425,0.5410169491525424,0.07589328289031982
Glasser,1,6,0.010250760242342949,0.12274414300918579,0.6704761904761904,0.5654545454545454,0.570677966101695,0.17711400985717773
Glasser,1,7,0.009845036081969738,0.06154298782348633,0.7120634920634921,0.48363636363636364,0.5696610169491525,0.2521166205406189
Glasser,1,8,0.009644018486142159,0.031505703926086426,0.6050793650793651,0.5151515151515151,0.5183050847457628,-0.037750959396362305
Glasser,1,9,0.008805767633020878,0.10073667764663696,0.6761904761904762,0.5181818181818182,0.5989830508474576,0.14258891344070435
Glasser,1,10,0.008507432416081429,0.039659082889556885,0.6660317460317461,0.4551515151515151,0.4977966101694915,-0.07736897468566895
Glasser,2,1,0.0386289581656456,0.4720117449760437,0.8054748062015504,0.5776333789329685,0.4339162080596485,0.8540918827056885
Glasser,2,2,0.016224363818764687,-0.0004965066909790039,0.6443798449612403,0.4852941176470588,0.5951535593822119,-0.02206742763519287
Glasser,2,3,0.015518841333687305,0.16512131690979004,0.6661821705426356,0.46101231190150477,0.5726966092668205,-0.11245763301849365
Glasser,2,4,0.013284167274832726,0.19274818897247314,0.7277131782945737,0.5615595075239398,0.611530268063199,-0.05283403396606445
Glasser,2,5,0.011874238029122353,0.06842803955078125,0.6698158914728682,0.58515731874145,0.5818835434049352,-0.049866318702697754
Glasser,2,6,0.010812181048095226,-0.04390251636505127,0.749031007751938,0.6450068399452804,0.4941416651872892,0.09849929809570312
Glasser,2,7,0.0100150927901268,0.11282193660736084,0.6751453488372093,0.6867305061559508,0.5776229362684182,0.1319575309753418
Glasser,2,8,0.00927732139825821,-0.00831747055053711,0.6446220930232558,0.6289329685362517,0.5093200781111308,0.007990360260009766
Glasser,2,9,0.008706692606210709,-0.003606081008911133,0.6080426356589147,0.5742134062927495,0.5280489969820699,0.09136158227920532
Glasser,2,10,0.008625811897218227,0.10133540630340576,0.6092538759689922,0.4839261285909712,0.5205929344931652,0.003658890724182129
Glasser,3,1,0.038753438740968704,0.6192468404769897,0.8170289855072463,0.6423395445134574,0.49053416149068324,0.8877597451210022
Glasser,3,2,0.015801364555954933,0.20871859788894653,0.7098861283643892,0.693064182194617,0.5850931677018634,-0.04268670082092285
Glasser,3,3,0.01529477909207344,0.033370137214660645,0.6068840579710144,0.43064182194616973,0.5203478260869565,0.03601902723312378
Glasser,3,4,0.01435297541320324,0.028547167778015137,0.6193064182194616,0.7406832298136645,0.5692422360248447,-0.0018862485885620117
Glasser,3,5,0.01125840563327074,0.12881708145141602,0.5600414078674949,0.5527950310559007,0.5234782608695653,0.05733567476272583
Glasser,3,6,0.010864811018109322,0.007284820079803467,0.6871118012422361,0.6226708074534162,0.6034285714285714,0.26690202951431274
Glasser,3,7,0.010033880360424519,0.1503496766090393,0.684265010351967,0.7360248447204969,0.6148571428571428,0.1694941520690918
Glasser,3,8,0.008961962535977364,0.03803050518035889,0.5942028985507247,0.5243271221532091,0.5680993788819876,-0.08285951614379883
Glasser,3,9,0.008901325985789299,-0.026624560356140137,0.6278467908902692,0.5936853002070392,0.5128944099378883,0.0040097832679748535
Glasser,3,10,0.008609906770288944,0.053222060203552246,0.6118012422360248,0.610248447204969,0.5259130434782608,0.03364616632461548
Glasser,4,1,0.03868930786848068,0.5830326676368713,0.7583892617449665,0.6097794822627037,0.4339231238560098,0.8826503157615662
Glasser,4,2,0.01591985672712326,0.05551719665527344,0.6502013422818792,0.5033557046979865,0.560829774252593,0.02449554204940796
Glasser,4,3,0.015150799416005611,0.1783437728881836,0.7178523489932886,0.7344199424736337,0.5781574130567418,-0.061701059341430664
Glasser,4,4,0.013385569676756859,0.15409332513809204,0.6947651006711408,0.5661553211888782,0.6212324588163514,0.00875711441040039
Glasser,4,5,0.012171712704002857,0.09870010614395142,0.5344966442953021,0.6735378715244487,0.4924344112263575,0.0681447982788086
Glasser,4,6,0.011020391248166561,0.009451329708099365,0.6153020134228188,0.5939597315436241,0.5295912141549726,0.05829501152038574
Glasser,4,7,0.009922826662659645,0.11441963911056519,0.6963758389261745,0.5810162991371046,0.5452715070164734,0.07595562934875488
Glasser,4,8,0.009441821835935116,0.07195788621902466,0.7256375838926175,0.5230105465004794,0.5838316046369738,-0.036698102951049805
Glasser,4,9,0.008909439668059349,-0.003144383430480957,0.5240268456375838,0.541706615532119,0.5215375228798048,-0.004874110221862793
Glasser,4,10,0.008612742647528648,0.04623699188232422,0.5734228187919463,0.5335570469798657,0.5251982916412447,0.09726393222808838
Glasser,5,1,0.03603165224194527,0.5913912057876587,0.8323170731707317,0.6471036585365854,0.4044565997130559,0.9050676226615906
Glasser,5,2,0.015943458303809166,0.0752374529838562,0.6314024390243902,0.4557926829268293,0.5876076040172167,-0.03905987739562988
Glasser,5,3,0.01476972084492445,0.25845402479171753,0.6435975609756097,0.5708841463414633,0.603075681492109,-0.008996367454528809
Glasser,5,4,0.01308770664036274,0.18716537952423096,0.6957317073170732,0.7614329268292683,0.6027170014347202,-0.045680999755859375
Glasser,5,5,0.01216550450772047,0.10630655288696289,0.611280487804878,0.4839939024390244,0.5624103299856528,-0.021183013916015625
Glasser,5,6,0.01099840085953474,0.11402839422225952,0.711280487804878,0.7080792682926829,0.4978927546628408,0.033665478229522705
Glasser,5,7,0.010189577005803585,0.05557435750961304,0.6411585365853658,0.6158536585365854,0.5485114777618364,0.21021294593811035
Glasser,5,8,0.009059731848537922,-0.009951949119567871,0.5841463414634147,0.6448170731707317,0.6101147776183644,0.007124781608581543
Glasser,5,9,0.008988769724965096,0.0028423070907592773,0.5896341463414634,0.6486280487804879,0.5693149210903874,-0.02713942527770996
Glasser,5,10,0.008843045681715012,0.08443605899810791,0.6085365853658536,0.6737804878048781,0.5521431133428981,0.010235071182250977
Glasser,6,1,0.038250189274549484,0.6408554315567017,0.8309659090909091,0.5822115384615385,0.47330000000000005,0.9076116681098938
Glasser,6,2,0.01607893593609333,-0.020801186561584473,0.6491477272727273,0.5341346153846154,0.5716500000000001,0.017442822456359863
Glasser,6,3,0.01469962764531374,0.24064695835113525,0.7264204545454546,0.6475961538461539,0.5453,-0.15459227561950684
Glasser,6,4,0.013429736718535423,0.12476575374603271,0.6914772727272728,0.5942307692307692,0.55425,-0.017066121101379395
Glasser,6,5,0.01213973667472601,0.07342571020126343,0.5133522727272728,0.5370192307692309,0.5879500000000001,0.008831679821014404
Glasser,6,6,0.010728845372796059,0.20967453718185425,0.6375,0.48653846153846153,0.50415,0.05389392375946045
Glasser,6,7,0.010111574083566666,0.05868494510650635,0.7446022727272728,0.6697115384615385,0.5943499999999999,0.2697504758834839
Glasser,6,8,0.00922069139778614,0.07860755920410156,0.5732954545454545,0.55,0.55245,0.12864655256271362
Glasser,6,9,0.008760579861700535,-0.030305981636047363,0.5079545454545455,0.6557692307692308,0.51295,-0.0949406623840332
Glasser,6,10,0.008555479347705841,0.02443385124206543,0.6732954545454546,0.5615384615384615,0.5884,-0.06673932075500488
Glasser,7,1,0.03802997246384621,0.5931594371795654,0.7308123249299721,0.6521008403361344,0.4275816993464052,0.8692091703414917
Glasser,7,2,0.01553313061594963,-0.0050885677337646484,0.6050420168067226,0.6584033613445379,0.5317647058823529,-0.0882728099822998
Glasser,7,3,0.014972073957324028,0.2679404616355896,0.711764705882353,0.4840336134453782,0.5530283224400872,-0.04908955097198486
Glasser,7,4,0.01361736562103033,0.15045535564422607,0.669467787114846,0.5483193277310924,0.5073202614379085,0.04156053066253662
Glasser,7,5,0.011592605151236057,0.1363247036933899,0.6084033613445379,0.5609243697478992,0.6022222222222222,0.11107957363128662
Glasser,7,6,0.010703351348638535,0.0627974271774292,0.6669467787114847,0.5088235294117647,0.590152505446623,0.1653047800064087
Glasser,7,7,0.010079557076096535,0.07328134775161743,0.7271708683473389,0.5819327731092436,0.5811328976034859,0.24812859296798706
Glasser,7,8,0.009661233052611351,0.03714573383331299,0.6294117647058823,0.5726890756302522,0.5336383442265795,-0.14929485321044922
Glasser,7,9,0.008982634171843529,0.12008464336395264,0.6179271708683474,0.5226890756302521,0.5366884531590413,0.11358034610748291
Glasser,7,10,0.008742738515138626,0.061555325984954834,0.5770308123249299,0.37142857142857144,0.43551198257080614,-0.02868485450744629
Glasser,8,1,0.03967210277915001,0.5640462040901184,0.8010288065843622,0.6291152263374485,0.4488683127572016,0.854487955570221
Glasser,8,2,0.01531112752854824,0.04059416055679321,0.6386831275720164,0.41820987654320985,0.5530864197530865,0.04719489812850952
Glasser,8,3,0.014585789293050766,0.18270879983901978,0.7403292181069959,0.7463991769547325,0.6135288065843623,0.03615635633468628
Glasser,8,4,0.013462738133966923,0.11065846681594849,0.6294238683127572,0.6774691358024691,0.5860082304526749,-0.03197801113128662
Glasser,8,5,0.011928252875804901,0.11324536800384521,0.5893004115226338,0.49331275720164613,0.5347736625514403,-0.18979370594024658
Glasser,8,6,0.010775577276945114,0.08678328990936279,0.7265432098765433,0.6039094650205761,0.5765946502057613,0.2435407042503357
Glasser,8,7,0.010122345760464668,0.08890873193740845,0.657201646090535,0.6018518518518519,0.5441358024691358,0.058027803897857666
Glasser,8,8,0.009663581848144531,0.07953530550003052,0.5790123456790124,0.4897119341563786,0.552417695473251,0.0683026909828186
Glasser,8,9,0.009383180178701878,-0.0005358457565307617,0.6549382716049382,0.6311728395061729,0.5461419753086421,0.015897274017333984
Glasser,8,10,0.00891620572656393,0.010590672492980957,0.6685185185185185,0.45267489711934156,0.6135802469135803,-0.03771317005157471
Glasser,9,1,0.03785504028201103,0.5144799947738647,0.8062638580931264,0.5970919324577861,0.4446492720741161,0.8950926661491394
Glasser,9,2,0.01616872102022171,-0.016628623008728027,0.6277716186252772,0.5450281425891182,0.4993855171109851,0.06039828062057495
Glasser,9,3,0.015375949442386627,0.2968806028366089,0.7048226164079823,0.5966228893058162,0.6247400264700321,0.014268577098846436
Glasser,9,4,0.013474693521857262,0.08269655704498291,0.6172394678492239,0.6045966228893058,0.612733976176971,0.01837092638015747
Glasser,9,5,0.01128300093114376,0.14241278171539307,0.6150221729490022,0.45121951219512196,0.5633862733976177,-0.022301316261291504
Glasser,9,6,0.010659594088792801,0.0931820273399353,0.6832039911308204,0.7054409005628518,0.538097939118926,0.13210386037826538
Glasser,9,7,0.010494405403733253,0.13188642263412476,0.6873614190687362,0.6819887429643527,0.45958593306863305,0.21515315771102905
Glasser,9,8,0.009260437451303005,0.03233259916305542,0.6294345898004435,0.6153846153846154,0.557288712422008,0.11931711435317993
Glasser,9,9,0.00877146702259779,-0.05880308151245117,0.5728935698447893,0.5900562851782365,0.5407922102476839,-0.03263962268829346
Glasser,9,10,0.008235249668359756,0.0011747479438781738,0.6371951219512195,0.599437148217636,0.6523444885611648,-0.026265740394592285
4S456Parcels,0,1,0.03794481232762337,0.6048736572265625,0.8442317916002127,0.5200179937022043,0.4965146198830409,0.9352792501449585
4S456Parcels,0,2,0.020710930228233337,0.04125458002090454,0.6902356902356903,0.49212775528565006,0.5268304093567252,0.346591055393219
4S456Parcels,0,3,0.014848008751869202,0.04981046915054321,0.6542619174198122,0.5420602789023842,0.5433918128654971,0.07795649766921997
4S456Parcels,0,4,0.013384041376411915,0.24380147457122803,0.797625376572745,0.6185335132703554,0.5806315789473684,0.0010831356048583984
4S456Parcels,0,5,0.012317619286477566,0.03373122215270996,0.6177565124933546,0.4471434997750787,0.528187134502924,0.12593382596969604
4S456Parcels,0,6,0.011766346171498299,0.07043993473052979,0.6969696969696969,0.6671165092217723,0.5792748538011696,0.21261471509933472
4S456Parcels,0,7,0.010378431528806686,0.18866640329360962,0.7636009214956583,0.7476383265856951,0.6416842105263159,0.07398492097854614
4S456Parcels,0,8,0.009435351938009262,0.07518082857131958,0.6668438773701931,0.7035537561853351,0.5225263157894737,-0.02474844455718994
4S456Parcels,0,9,0.008916099555790424,0.07144254446029663,0.6686159844054581,0.5528565002249213,0.5563040935672515,0.020198345184326172
4S456Parcels,0,10,0.008563188835978508,0.1118459701538086,0.6425660109870637,0.672514619883041,0.5409590643274854,0.09194666147232056
4S456Parcels,1,1,0.03832630813121796,0.5930261611938477,0.8133333333333332,0.7066666666666667,0.34774011299435026,0.9317193627357483
4S456Parcels,1,2,0.018641725182533264,0.09642082452774048,0.7936507936507936,0.5024242424242424,0.5552542372881355,0.5158820748329163
4S456Parcels,1,3,0.014354958198964596,0.013974189758300781,0.707936507936508,0.4448484848484849,0.5655367231638417,0.004701137542724609
4S456Parcels,1,4,0.01342526450753212,0.17211687564849854,0.646984126984127,0.42787878787878786,0.5431638418079097,0.13934749364852905
4S456Parcels,1,5,0.011840111576020718,0.17427897453308105,0.6453968253968254,0.5642424242424242,0.5755367231638419,0.12275725603103638
4S456Parcels,1,6,0.011278605088591576,0.059187471866607666,0.6752380952380952,0.5793939393939394,0.5758757062146893,0.21095436811447144
4S456Parcels,1,7,0.010473756119608879,0.1871800422668457,0.6923809523809523,0.5230303030303031,0.5991525423728814,-0.12626564502716064
4S456Parcels,1,8,0.009398337453603745,0.16034501791000366,0.7253968253968254,0.616969696969697,0.5870621468926555,0.016640782356262207
4S456Parcels,1,9,0.008745525032281876,0.06231135129928589,0.6050793650793651,0.5254545454545455,0.5812994350282487,0.06040471792221069
4S456Parcels,1,10,0.008579323068261147,0.16586554050445557,0.7247619047619047,0.5854545454545454,0.4928248587570621,-0.004225373268127441
4S456Parcels,2,1,0.03823932260274887,0.48816418647766113,0.8519864341085271,0.5926812585499316,0.39921001242677084,0.903948962688446
4S456Parcels,2,2,0.020071087405085564,0.0069054365158081055,0.7521802325581395,0.676812585499316,0.5469110598260252,0.44247788190841675
4S456Parcels,2,3,0.01456374116241932,-0.022816181182861328,0.6417151162790699,0.5277017783857729,0.5797532398366767,-0.04578280448913574
4S456Parcels,2,4,0.013975716196000576,0.2937864065170288,0.657703488372093,0.5341997264021888,0.6035416296822297,-0.033378005027770996
4S456Parcels,2,5,0.01222899742424488,0.038522303104400635,0.7473352713178294,0.6508207934336525,0.5479318302858158,0.031659841537475586
4S456Parcels,2,6,0.011301979422569275,0.08882641792297363,0.6392926356589147,0.622093023255814,0.5558317060181076,0.2113524079322815
4S456Parcels,2,7,0.009996813721954823,0.03512305021286011,0.6787790697674418,0.6049931600547196,0.5714539321853365,0.0486186146736145
4S456Parcels,2,8,0.009672028943896294,0.10409623384475708,0.6589147286821705,0.5598495212038304,0.5431386472572342,0.11626708507537842
4S456Parcels,2,9,0.008663438260555267,0.21759694814682007,0.7592054263565892,0.7209302325581395,0.5699449671578201,0.047114014625549316
4S456Parcels,2,10,0.008505912497639656,0.09342777729034424,0.627906976744186,0.5564295485636115,0.5960411858689864,-0.024312615394592285
4S456Parcels,3,1,0.0389937199652195,0.6090297698974609,0.8012422360248447,0.6123188405797102,0.4484472049689441,0.9241882562637329
4S456Parcels,3,2,0.019018029794096947,0.04395347833633423,0.7409420289855072,0.5181159420289856,0.5655652173913044,0.41992855072021484
4S456Parcels,3,3,0.014294816181063652,0.03760099411010742,0.6097308488612836,0.4870600414078675,0.5486708074534161,-0.0430067777633667
4S456Parcels,3,4,0.013365778140723705,0.1462119221687317,0.7114389233954451,0.5854037267080745,0.6078509316770186,0.20115941762924194
4S456Parcels,3,5,0.012281705625355244,0.12880218029022217,0.6521739130434783,0.703416149068323,0.5506583850931677,0.10080689191818237
4S456Parcels,3,6,0.011247924529016018,0.03901761770248413,0.552536231884058,0.6112836438923395,0.5400248447204969,0.3073268532752991
4S456Parcels,3,7,0.010404367931187153,0.14756423234939575,0.6275879917184264,0.5295031055900621,0.507080745341615,0.15127527713775635
4S456Parcels,3,8,0.009311623871326447,0.1081322431564331,0.628623188405797,0.5559006211180124,0.55527950310559,0.050303101539611816
4S456Parcels,3,9,0.008845565840601921,0.06999713182449341,0.7644927536231885,0.650103519668737,0.5338136645962732,0.02243638038635254
4S456Parcels,3,10,0.008541022427380085,0.12213194370269775,0.7523291925465838,0.5372670807453416,0.6049689440993788,-0.0030133724212646484
4S456Parcels,4,1,0.03898320719599724,0.5467036962509155,0.7940939597315436,0.6395014381591563,0.4256253813300793,0.9309820532798767
4S456Parcels,4,2,0.019473377615213394,0.012759029865264893,0.5833557046979866,0.3609779482262704,0.5118974984746797,0.39787089824676514
4S456Parcels,4,3,0.014915142208337784,0.006238102912902832,0.6426845637583892,0.5417066155321189,0.5023794996949359,0.022598087787628174
4S456Parcels,4,4,0.013036326505243778,0.258109986782074,0.7444295302013423,0.8087248322147651,0.5587553386211104,0.06224578619003296
4S456Parcels,4,5,0.012387767434120178,0.07847899198532104,0.5978523489932885,0.6255992329817833,0.5307504575960952,0.05196493864059448
4S456Parcels,4,6,0.011551746167242527,0.06700235605239868,0.7046979865771812,0.5556088207094918,0.5815131177547285,0.15102750062942505
4S456Parcels,4,7,0.010788236744701862,0.09215199947357178,0.6990604026845637,0.535953978906999,0.6131177547284931,0.08875972032546997
4S456Parcels,4,8,0.009243178181350231,0.061972618103027344,0.6877852348993289,0.5431447746883988,0.549725442342892,0.08512413501739502
4S456Parcels,4,9,0.008812418207526207,0.11574965715408325,0.806979865771812,0.5225311601150527,0.6143990237949969,0.039045631885528564
4S456Parcels,4,10,0.008482679724693298,0.03262531757354736,0.6998657718120805,0.686960690316395,0.5900549115314216,-0.03924846649169922
4S456Parcels,5,1,0.036697279661893845,0.5859782099723816,0.813109756097561,0.6539634146341464,0.36114598278335724,0.9442876577377319
4S456Parcels,5,2,0.019580798223614693,0.07095801830291748,0.7701219512195122,0.6189024390243902,0.5593615494978479,0.42695075273513794
4S456Parcels,5,3,0.014543678611516953,0.06033158302307129,0.663109756097561,0.43140243902439024,0.5831689383070302,-0.05171668529510498
4S456Parcels,5,4,0.013771510683000088,0.16573846340179443,0.65,0.5457317073170731,0.6016857962697275,0.08429133892059326
4S456Parcels,5,5,0.012152761220932007,0.13661956787109375,0.6170731707317073,0.6288109756097562,0.561827474892396,-0.03626751899719238
4S456Parcels,5,6,0.011773230507969856,0.05181539058685303,0.6850609756097561,0.6547256097560976,0.5207586083213773,0.14973610639572144
4S456Parcels,5,7,0.010679585859179497,0.20677262544631958,0.5923780487804877,0.6875,0.5687096484935437,0.014082551002502441
4S456Parcels,5,8,0.008882472291588783,0.06388735771179199,0.7051829268292682,0.5480182926829269,0.6200681492109039,-0.11870694160461426
4S456Parcels,5,9,0.00874995905905962,0.24494487047195435,0.7158536585365853,0.6958841463414633,0.6159881635581061,0.06929987668991089
4S456Parcels,5,10,0.008507641963660717,0.030095219612121582,0.7189024390243902,0.5289634146341463,0.5248385939741751,0.13613349199295044
4S456Parcels,6,1,0.03863714262843132,0.6283042430877686,0.8636363636363636,0.6221153846153846,0.469,0.933888852596283
4S456Parcels,6,2,0.018563339486718178,0.08242207765579224,0.7340909090909091,0.6129807692307693,0.53735,0.5169447660446167
4S456Parcels,6,3,0.014780855737626553,0.005345761775970459,0.6869318181818181,0.48846153846153845,0.5085500000000001,-0.07246506214141846
4S456Parcels,6,4,0.013718036003410816,0.2772793769836426,0.7065340909090909,0.6120192307692308,0.5833000000000002,-0.037866830825805664
4S456Parcels,6,5,0.01220508012920618,0.15465205907821655,0.534375,0.614423076923077,0.5594,0.016258299350738525
4S456Parcels,6,6,0.011361132375895977,0.10251164436340332,0.7411931818181818,0.6735576923076922,0.6347,0.2547913193702698
4S456Parcels,6,7,0.0104212099686265,0.019374072551727295,0.7463068181818182,0.6423076923076924,0.5967,-0.01439368724822998
4S456Parcels,6,8,0.009650615975260735,0.0494956374168396,0.6551136363636363,0.5211538461538462,0.48695,0.18689310550689697
4S456Parcels,6,9,0.009004160761833191,0.06951898336410522,0.71875,0.5423076923076923,0.5819,-0.0507124662399292
4S456Parcels,6,10,0.008693655021488667,0.10478007793426514,0.6196022727272726,0.4831730769230769,0.50605,0.036413490772247314
4S456Parcels,7,1,0.03764449805021286,0.5483418107032776,0.8092436974789916,0.6823529411764706,0.4533333333333333,0.9274288415908813
4S456Parcels,7,2,0.018279511481523514,0.09140151739120483,0.7310924369747899,0.5214285714285715,0.5951633986928104,0.462096631526947
4S456Parcels,7,3,0.014754961244761944,0.05007237195968628,0.6747899159663866,0.6008403361344538,0.5765141612200436,-0.011230945587158203
4S456Parcels,7,4,0.013734092935919762,0.30381762981414795,0.78515406162465,0.6176470588235294,0.637124183006536,-0.025858163833618164
4S456Parcels,7,5,0.01210093405097723,0.10752475261688232,0.6089635854341736,0.46848739495798314,0.4925925925925926,0.16478204727172852
4S456Parcels,7,6,0.01110017579048872,0.08663928508758545,0.7014005602240896,0.6957983193277311,0.5566884531590414,0.2601015567779541
4S456Parcels,7,7,0.010797880589962006,0.16598254442214966,0.6929971988795518,0.5789915966386554,0.5393464052287581,-0.03722810745239258
4S456Parcels,7,8,0.009337586350739002,0.10975277423858643,0.6084033613445379,0.565546218487395,0.5267538126361655,0.0089796781539917
4S456Parcels,7,9,0.00897201243788004,0.07886970043182373,0.6417366946778711,0.5798319327731093,0.5686710239651416,-0.0006967782974243164
4S456Parcels,7,10,0.008361895568668842,0.038894057273864746,0.6526610644257703,0.5096638655462186,0.5991721132897603,0.07798290252685547
4S456Parcels,8,1,0.03951605409383774,0.5674237608909607,0.7701646090534979,0.6404320987654322,0.4491769547325103,0.9062654376029968
4S456Parcels,8,2,0.018538247793912888,0.0797320008277893,0.6598765432098765,0.46656378600823045,0.5515946502057614,0.503830075263977
4S456Parcels,8,3,0.014368182048201561,0.035176753997802734,0.7016460905349794,0.389917695473251,0.5861111111111111,-0.0259702205657959
4S456Parcels,8,4,0.013233615085482597,0.19840633869171143,0.7438271604938271,0.6183127572016461,0.5571502057613168,0.09127223491668701
4S456Parcels,8,5,0.012597483582794666,0.11918652057647705,0.678395061728395,0.4907407407407407,0.5475308641975309,0.023931264877319336
4S456Parcels,8,6,0.01188511773943901,0.09830200672149658,0.68559670781893,0.5961934156378601,0.5741255144032922,0.29571086168289185
4S456Parcels,8,7,0.010506361722946167,0.11377781629562378,0.6563786008230452,0.5442386831275721,0.5843106995884774,0.045360267162323
4S456Parcels,8,8,0.009899120777845383,0.08298557996749878,0.6611111111111111,0.49382716049382724,0.5022119341563787,-0.04983854293823242
4S456Parcels,8,9,0.008777565322816372,0.05804234743118286,0.6635802469135803,0.5987654320987654,0.5604423868312757,-0.016341686248779297
4S456Parcels,8,10,0.00852509867399931,0.20542442798614502,0.6911522633744857,0.5802469135802469,0.6095679012345678,0.020756125450134277
4S456Parcels,9,1,0.0377875380218029,0.5616743564605713,0.8276053215077606,0.6313320825515947,0.439071658158442,0.9337803721427917
4S456Parcels,9,2,0.018998853862285614,0.08045792579650879,0.7117516629711752,0.6801125703564729,0.5753923236906788,0.5059143304824829
4S456Parcels,9,3,0.014640319161117077,0.022150754928588867,0.6119733924611974,0.526735459662289,0.47527888069578367,0.02931952476501465
4S456Parcels,9,4,0.0136667899787426,0.22833245992660522,0.731430155210643,0.5492495309568481,0.6106069200226886,0.026357710361480713
4S456Parcels,9,5,0.012268580496311188,0.1671673059463501,0.7106430155210643,0.4840525328330207,0.49517867271695976,0.16364747285842896
4S456Parcels,9,6,0.011364951729774475,0.09953588247299194,0.7136917960088691,0.6744840525328331,0.48747400264700325,0.25278759002685547
4S456Parcels,9,7,0.010320794768631458,0.11370950937271118,0.6197339246119734,0.526266416510319,0.5519947059935717,0.06908315420150757
4S456Parcels,9,8,0.009703759104013443,0.02048546075820923,0.7591463414634146,0.75375234521576,0.6167990168273776,0.06989854574203491
4S456Parcels,9,9,0.009056739509105682,0.05092436075210571,0.604490022172949,0.3714821763602251,0.5308659481943656,0.11149752140045166
4S456Parcels,9,10,0.008434712886810303,0.23611491918563843,0.745011086474501,0.6097560975609756,0.521601436944602,-0.08406555652618408
