rep,estimator,target,pearson,spearman,r2,lift_over_bvdemo
FC,HGB,CogCrystalComp_Unadj,0.24930996611747053,0.21843632351904885,0.05409933785597154,-0.11702933855143072
FC,HGB,CogFluidComp_Unadj,0.1179642437087476,0.1419181198732835,0.01018876785413797,-0.10729680082293823
FC,HGB,CogTotalComp_Unadj,0.2536223526826471,0.2596001647508732,0.04468974440942075,-0.10098829054383196
FC,KR,CogCrystalComp_Unadj,0.33771219791963636,0.30507460413245346,-3.094406315614416,0.06808880016008478
FC,KR,CogFluidComp_Unadj,0.17808663465068536,0.15069146134454314,-2.125466435935921,-0.011584683249193845
FC,KR,CogTotalComp_Unadj,0.3375081202340695,0.2911764291779291,-1.5099675335857592,0.0557406887467895
FC,linear_BR,CogCrystalComp_Unadj,0.450759650306764,0.44003461385035625,0.19613266064935986,0.10456544027154874
FC,linear_BR,CogFluidComp_Unadj,0.34234354224679087,0.2988982463995189,0.10791295864409439,0.03286399638378312
FC,linear_BR,CogTotalComp_Unadj,0.45076322905723687,0.4234814419454067,0.19429819787615454,0.07845116166447952
SC,HGB,CogCrystalComp_Unadj,0.1721917901654929,0.16201685539653732,0.01034128209274543,-0.19414751450340834
SC,HGB,CogFluidComp_Unadj,0.03563859287970791,0.016587367979617147,-0.006567696002092116,-0.1896224516519779
SC,HGB,CogTotalComp_Unadj,0.12548445208746112,0.12185496611244147,0.011519319003329254,-0.22912619113901794
SC,KR,CogCrystalComp_Unadj,0.24095552681892224,0.2228888254948389,-2.468426307691518,-0.028667870940629336
SC,KR,CogFluidComp_Unadj,0.11345268623020482,0.11237333789828416,-1.602776555450864,-0.07621863166967438
SC,KR,CogTotalComp_Unadj,0.19045487478151887,0.1898347235816493,-1.2390788534648352,-0.09131255670576113
SC,linear_BR,CogCrystalComp_Unadj,0.26741382427770244,0.2432345453286108,0.0582997141647727,-0.07878038575751284
SC,linear_BR,CogFluidComp_Unadj,0.1797661772275037,0.14821348435191217,0.02250569285077253,-0.12971336863550403
SC,linear_BR,CogTotalComp_Unadj,0.26143209932322753,0.23499937607769408,0.057677850747578696,-0.11087996806952982
SC_r2t,HGB,CogCrystalComp_Unadj,0.09053318360562096,0.06414072583016106,0.0025437637187159523,-0.2758061210632803
SC_r2t,HGB,CogFluidComp_Unadj,0.03255263697155196,0.04189725482838061,-0.011084529252723518,-0.19270840756013385
SC_r2t,HGB,CogTotalComp_Unadj,0.12124593553483329,0.1267074454238422,0.0035939773509203188,-0.23336470769164577
SC_r2t,KR,CogCrystalComp_Unadj,-0.03873879262832486,-0.047344347601345566,-0.41719917175986854,-0.30836219038787643
SC_r2t,KR,CogFluidComp_Unadj,-0.00616920350667829,-0.016593421932125086,-0.28819987184139717,-0.1958405214065575
SC_r2t,KR,CogTotalComp_Unadj,0.009406001349705326,0.006234914036938998,-0.20838794005425665,-0.2723614301375747
SC_r2t,linear_BR,CogCrystalComp_Unadj,0.1636191946863864,0.16494589767003592,-0.09895811112082775,-0.1825750153488289
SC_r2t,linear_BR,CogFluidComp_Unadj,0.1303295521172147,0.12697518602098445,-0.09320045224217033,-0.17914999374579305
SC_r2t,linear_BR,CogTotalComp_Unadj,0.19620230321101126,0.19522296155726176,-0.028895886452361963,-0.1761097641817461
bv+demo,HGB,CogCrystalComp_Unadj,0.36633930466890124,0.3459658408720171,0.12129000035798637,0.0
bv+demo,HGB,CogFluidComp_Unadj,0.22526104453168583,0.22499308211165697,0.04642172093234259,0.0
bv+demo,HGB,CogTotalComp_Unadj,0.35461064322647906,0.3449950847873584,0.10607753716402801,0.0
bv+demo,KR,CogCrystalComp_Unadj,0.2696233977595516,0.2545100176446135,-0.05625865130276886,0.0
bv+demo,KR,CogFluidComp_Unadj,0.1896713178998792,0.19493756127846876,-0.03235887641650659,0.0
bv+demo,KR,CogTotalComp_Unadj,0.28176743148728,0.2679362917872815,0.031052302258861686,0.0
bv+demo,linear_BR,CogCrystalComp_Unadj,0.3461942100352153,0.3474808330141026,0.09976451544268494,0.0
bv+demo,linear_BR,CogFluidComp_Unadj,0.30947954586300774,0.2848124239546935,0.08790613163367023,0.0
bv+demo,linear_BR,CogTotalComp_Unadj,0.37231206739275735,0.35159592640037296,0.13210760778580932,0.0
r2t,HGB,CogCrystalComp_Unadj,0.08818199506617783,0.06972520904331059,0.0023690456008942373,-0.27815730960272345
r2t,HGB,CogFluidComp_Unadj,0.03255263697155196,0.04234836897858211,-0.011084529252723518,-0.19270840756013385
r2t,HGB,CogTotalComp_Unadj,0.11019839573891102,0.1254434590897669,0.0034326857514647147,-0.24441224748756804
r2t,KR,CogCrystalComp_Unadj,-0.03873845737723815,-0.047344347601345566,-0.41719773191450027,-0.3083618551367897
r2t,KR,CogFluidComp_Unadj,-0.006169489967093828,-0.016593421932125086,-0.28820183495917406,-0.19584080786697303
r2t,KR,CogTotalComp_Unadj,0.009404481589550031,0.006027072830018211,-0.2083877769832001,-0.27236294989772997
r2t,linear_BR,CogCrystalComp_Unadj,0.16361849516309857,0.16494589767003592,-0.09895838865981976,-0.1825757148721167
r2t,linear_BR,CogFluidComp_Unadj,0.13032906487983228,0.12697518602098445,-0.09320009182599243,-0.17915048098317546
r2t,linear_BR,CogTotalComp_Unadj,0.19620169061078746,0.19522296155726176,-0.028895822772466606,-0.1761103767819699
r2t_corr,HGB,CogCrystalComp_Unadj,0.09443716067683258,0.09217076335080696,0.004771998537598354,-0.2719021439920687
r2t_corr,HGB,CogFluidComp_Unadj,0.057021698264746096,0.03734571736429625,-0.0042619562664955035,-0.16823934626693973
r2t_corr,HGB,CogTotalComp_Unadj,0.0868768649779629,0.08256674312439638,-0.0012378865458156918,-0.2677337782485162
r2t_corr,KR,CogCrystalComp_Unadj,0.06928994877920101,0.05818182142695434,-1.3908593476815039,-0.20033344898035055
r2t_corr,KR,CogFluidComp_Unadj,0.07753426699162386,0.06804649132473292,-0.9341277615826553,-0.11213705090825535
r2t_corr,KR,CogTotalComp_Unadj,0.09698398524479061,0.08579885082888221,-0.702223837606858,-0.18478344624248938
r2t_corr,linear_BR,CogCrystalComp_Unadj,0.10259472550135688,0.11441701977054103,0.0012202884493752175,-0.24359948453385838
r2t_corr,linear_BR,CogFluidComp_Unadj,0.15712306636602807,0.12964980917751479,0.012719284853658253,-0.15235647949697967
r2t_corr,linear_BR,CogTotalComp_Unadj,0.15119997933724205,0.1488791877198095,-0.002094039987261931,-0.2211120880555153
