rep,estimator,target,seed,pearson,spearman,r2
bv+demo,linear_BR,CogTotalComp_Unadj,0,0.3993057878403684,0.3507458181410229,0.15192126812462092
bv+demo,HGB,CogTotalComp_Unadj,0,0.3925816482259794,0.34629023777653195,0.11424900406945226
bv+demo,KR,CogTotalComp_Unadj,0,0.2628937790081266,0.20847562737189437,0.04071983853818739
SC,linear_BR,CogTotalComp_Unadj,0,0.3175630371330622,0.2969728026520437,0.09117923877481182
SC,HGB,CogTotalComp_Unadj,0,0.24841340088320174,0.2378772587677495,0.028877829617704687
SC,KR,CogTotalComp_Unadj,0,0.2902884786568196,0.28528987704696773,-0.933076278016044
r2t,linear_BR,CogTotalComp_Unadj,0,0.2575759637708793,0.23801331111539742,0.029373114303641312
r2t,HGB,CogTotalComp_Unadj,0,0.20329309428371287,0.18647563310853738,0.03258278682822058
r2t,KR,CogTotalComp_Unadj,0,-0.07933469065460999,-0.0860900784106173,-0.2891719832705837
r2t_corr,linear_BR,CogTotalComp_Unadj,0,0.21174892361385794,0.18397074022416263,0.04127175794044069
r2t_corr,HGB,CogTotalComp_Unadj,0,0.09711098988699716,0.08902173725954135,0.008946711431734755
r2t_corr,KR,CogTotalComp_Unadj,0,0.15566093707439166,0.1550757160067688,-0.5708759474686622
FC,linear_BR,CogTotalComp_Unadj,0,0.5651240920975282,0.5753010827096615,0.2783095932874098
FC,HGB,CogTotalComp_Unadj,0,0.43420090128185485,0.4199032151245873,0.13272627232829382
FC,KR,CogTotalComp_Unadj,0,0.3637321596947663,0.3279264740726392,-1.1694679386463775
SC_r2t,linear_BR,CogTotalComp_Unadj,0,0.25757523748887856,0.23801331111539742,0.029372519546420506
SC_r2t,HGB,CogTotalComp_Unadj,0,0.20329309428371287,0.18647563310853738,0.03258278682822058
SC_r2t,KR,CogTotalComp_Unadj,0,-0.07933509561842671,-0.0860900784106173,-0.28917246836248145
bv+demo,linear_BR,CogFluidComp_Unadj,0,0.3545011756586295,0.33769592418708466,0.11781946991328152
bv+demo,HGB,CogFluidComp_Unadj,0,0.3138931149950483,0.31669775104260617,0.09148627864051817
bv+demo,KR,CogFluidComp_Unadj,0,0.18830767069359716,0.18378845242078454,-0.031835703457297804
SC,linear_BR,CogFluidComp_Unadj,0,0.25317698886352724,0.24763633644403757,0.049938903614949015
SC,HGB,CogFluidComp_Unadj,0,0.09299119821958239,0.09651756700808568,0.007630669789794098
SC,KR,CogFluidComp_Unadj,0,0.19689403376369874,0.19245254799131964,-1.5060348109732384
r2t,linear_BR,CogFluidComp_Unadj,0,0.12402028371600136,0.12380543053053218,-0.12182138103700635
r2t,HGB,CogFluidComp_Unadj,0,0.10994206696065743,0.09130007630329519,0.010275505494566683
r2t,KR,CogFluidComp_Unadj,0,-0.06657090770158286,-0.08009213870814048,-0.42997968028463074
r2t_corr,linear_BR,CogFluidComp_Unadj,0,0.17295090288828163,0.12178219205053052,0.02986062450567395
r2t_corr,HGB,CogFluidComp_Unadj,0,0.03829672303661144,0.027713929528666133,-0.006998649914313093
r2t_corr,KR,CogFluidComp_Unadj,0,0.06839665240392032,0.0561756848155782,-0.9245249608417714
FC,linear_BR,CogFluidComp_Unadj,0,0.44887885074757644,0.4558523939899437,0.16043734302799406
FC,HGB,CogFluidComp_Unadj,0,0.20664785706449815,0.2082448200750694,0.03041355145432989
FC,KR,CogFluidComp_Unadj,0,0.19685003585390307,0.17122826682844278,-2.0017945817796137
SC_r2t,linear_BR,CogFluidComp_Unadj,0,0.12402072207491015,0.12380543053053218,-0.12182031536100935
SC_r2t,HGB,CogFluidComp_Unadj,0,0.10994206696065743,0.09130007630329519,0.010275505494566683
SC_r2t,KR,CogFluidComp_Unadj,0,-0.066570944046563,-0.08009213870814048,-0.4299812844460589
bv+demo,linear_BR,CogCrystalComp_Unadj,0,0.29766924687565116,0.2764119874400977,0.0740866538727114
bv+demo,HGB,CogCrystalComp_Unadj,0,0.3187170136828605,0.3442236828625823,0.09477946140395488
bv+demo,KR,CogCrystalComp_Unadj,0,0.20107644081120873,0.18631433837101408,-0.05590317349326446
SC,linear_BR,CogCrystalComp_Unadj,0,0.3210725119269746,0.32917165732849424,0.09522618730271104
SC,HGB,CogCrystalComp_Unadj,0,0.08498860509209613,0.09389787265561929,0.003361746232904639
SC,KR,CogCrystalComp_Unadj,0,0.29272481806332745,0.30540141307183355,-2.3206968895398328
r2t,linear_BR,CogCrystalComp_Unadj,0,0.2878842140326185,0.272203606425807,0.037146632905116106
r2t,HGB,CogCrystalComp_Unadj,0,0.061707585331180224,0.05848997760200092,0.000824860622605228
r2t,KR,CogCrystalComp_Unadj,0,-0.1259963142483146,-0.15809492894907912,-0.5788656041750633
r2t_corr,linear_BR,CogCrystalComp_Unadj,0,0.1969944902423378,0.20940249783137294,0.029037684468643854
r2t_corr,HGB,CogCrystalComp_Unadj,0,0.15095827983777083,0.16628511544284083,0.016102362582132268
r2t_corr,KR,CogCrystalComp_Unadj,0,0.11729958410725233,0.14113156224394552,-1.3592429019025674
FC,linear_BR,CogCrystalComp_Unadj,0,0.5863145211203658,0.5866603115102297,0.31351745135948594
FC,HGB,CogCrystalComp_Unadj,0,0.342718897193632,0.32491561255735346,0.07728824577150151
FC,KR,CogCrystalComp_Unadj,0,0.36520032071391983,0.34316014817505863,-2.852805591244898
SC_r2t,linear_BR,CogCrystalComp_Unadj,0,0.28788400370313266,0.272203606425807,0.03714621032560783
SC_r2t,HGB,CogCrystalComp_Unadj,0,0.061707585331180224,0.05848997760200092,0.000824860622605228
SC_r2t,KR,CogCrystalComp_Unadj,0,-0.12599691230390994,-0.15809492894907912,-0.5788687258882701
bv+demo,linear_BR,CogTotalComp_Unadj,1,0.40042898418969,0.3802596126465563,0.15762895570139768
bv+demo,HGB,CogTotalComp_Unadj,1,0.38672641225484555,0.3668951394780779,0.13583897254089472
bv+demo,KR,CogTotalComp_Unadj,1,0.3233787265177576,0.28162379866448395,0.07514514954058993
SC,linear_BR,CogTotalComp_Unadj,1,0.30366738845457275,0.3015724054082624,0.0797938349574897
SC,HGB,CogTotalComp_Unadj,1,0.1843392218206683,0.15016523779653593,0.016639015893158082
SC,KR,CogTotalComp_Unadj,1,0.21846074511204494,0.2319438833827723,-1.1425760422785678
r2t,linear_BR,CogTotalComp_Unadj,1,0.2723698241270762,0.25944379655523053,0.049968651827446364
r2t,HGB,CogTotalComp_Unadj,1,0.18561089784224427,0.21642658815801374,0.015009709003076632
r2t,KR,CogTotalComp_Unadj,1,0.037521736855236576,0.008265997269521467,-0.18010251361922847
r2t_corr,linear_BR,CogTotalComp_Unadj,1,0.21073724243553388,0.21653691226697605,0.023332709180064692
r2t_corr,HGB,CogTotalComp_Unadj,1,0.10063214274016899,0.09535908788497485,-0.002095092037903923
r2t_corr,KR,CogTotalComp_Unadj,1,0.18972911519616842,0.19396014228878564,-0.6396272394165101
FC,linear_BR,CogTotalComp_Unadj,1,0.46293495202323687,0.43347483137584786,0.20179275933753182
FC,HGB,CogTotalComp_Unadj,1,0.22167061569315427,0.20313158418229157,0.028290270708524967
FC,KR,CogTotalComp_Unadj,1,0.3940560223387283,0.37488968170243847,-1.436554424457662
SC_r2t,linear_BR,CogTotalComp_Unadj,1,0.27237089783257906,0.25944379655523053,0.049969556715769525
SC_r2t,HGB,CogTotalComp_Unadj,1,0.18561089784224427,0.21642658815801374,0.015009709003076632
SC_r2t,KR,CogTotalComp_Unadj,1,0.03752251653912389,0.008265997269521467,-0.18010248380500182
bv+demo,linear_BR,CogFluidComp_Unadj,1,0.327102745455908,0.3227098016813527,0.10181961016287489
bv+demo,HGB,CogFluidComp_Unadj,1,0.2817417754197764,0.30646685066698476,0.06391806168554859
bv+demo,KR,CogFluidComp_Unadj,1,0.19103496510616125,0.16784727885586692,-0.0621568999167772
SC,linear_BR,CogFluidComp_Unadj,1,0.24310411122717926,0.2430913841310905,0.03731468112203851
SC,HGB,CogFluidComp_Unadj,1,0.17828646211925772,0.1748403925694903,0.014355706720805328
SC,KR,CogFluidComp_Unadj,1,0.1276908430336593,0.14854435433985344,-1.4975804532237564
r2t,linear_BR,CogFluidComp_Unadj,1,0.21460353822857153,0.1621165906815915,-0.001583745022563976
r2t,HGB,CogFluidComp_Unadj,1,0.056795256238832616,0.047300258644165545,0.0010870720808060508
r2t,KR,CogFluidComp_Unadj,1,-0.010891015142272989,-0.041449999745739104,-0.3105445851678075
r2t_corr,linear_BR,CogFluidComp_Unadj,1,0.2413820314113208,0.22677248659339794,0.012442739263354596
r2t_corr,HGB,CogFluidComp_Unadj,1,0.249983712711351,0.2086216338567987,0.045339512108940605
r2t_corr,KR,CogFluidComp_Unadj,1,0.1477813941878528,0.16064407509598258,-0.8513604361050844
FC,linear_BR,CogFluidComp_Unadj,1,0.34582752637610625,0.29843236855488836,0.11128537683453421
FC,HGB,CogFluidComp_Unadj,1,0.2021276944842135,0.20830341498672153,0.020650635418168473
FC,KR,CogFluidComp_Unadj,1,0.28707403851747976,0.27750433616460174,-1.9330082953901306
SC_r2t,linear_BR,CogFluidComp_Unadj,1,0.21460372014720414,0.1621165906815915,-0.0015836176901877774
SC_r2t,HGB,CogFluidComp_Unadj,1,0.056795256238832616,0.047300258644165545,0.0010870720808060508
SC_r2t,KR,CogFluidComp_Unadj,1,-0.010890959875688826,-0.041449999745739104,-0.31054400925815595
bv+demo,linear_BR,CogCrystalComp_Unadj,1,0.36591217147523564,0.3470096588836371,0.1225570621804335
bv+demo,HGB,CogCrystalComp_Unadj,1,0.3793147902396028,0.3477079988814519,0.13968008540679955
bv+demo,KR,CogCrystalComp_Unadj,1,0.2986980419526316,0.24027260337202977,0.003135036450044093
SC,linear_BR,CogCrystalComp_Unadj,1,0.24848785221499936,0.2396496884011496,0.057049297430515455
SC,HGB,CogCrystalComp_Unadj,1,0.22407428574218738,0.2139334902695497,0.026171830447298428
SC,KR,CogCrystalComp_Unadj,1,0.17316188648304567,0.16552034150372932,-2.4319804751841905
r2t,linear_BR,CogCrystalComp_Unadj,1,0.17045053720952558,0.1850271128279804,-0.09222155406205212
r2t,HGB,CogCrystalComp_Unadj,1,0.14523008554620187,0.1725910725908038,0.019228991287014385
r2t,KR,CogCrystalComp_Unadj,1,0.0042601291980088555,0.019665376323432928,-0.35446463395912686
r2t_corr,linear_BR,CogCrystalComp_Unadj,1,0.08952407650888959,0.1102411576696983,0.0013541843773237083
r2t_corr,HGB,CogCrystalComp_Unadj,1,0.14614676945889382,0.11697735030334559,0.019259951790369878
r2t_corr,KR,CogCrystalComp_Unadj,1,0.10435314553657538,0.10816367871668374,-1.3543338844121866
FC,linear_BR,CogCrystalComp_Unadj,1,0.4660913545186691,0.45915407654351803,0.2101826739058329
FC,HGB,CogCrystalComp_Unadj,1,0.2987783227618647,0.2751624160418028,0.06724752008955581
FC,KR,CogCrystalComp_Unadj,1,0.3401721978797899,0.3311245053386326,-3.1749510718023544
SC_r2t,linear_BR,CogCrystalComp_Unadj,1,0.17045123297395562,0.1850271128279804,-0.09222041318871033
SC_r2t,HGB,CogCrystalComp_Unadj,1,0.14515094497110778,0.1721785350659104,0.01920368565851538
SC_r2t,KR,CogCrystalComp_Unadj,1,0.004261135887051436,0.019665376323432928,-0.3544644114416169
bv+demo,linear_BR,CogTotalComp_Unadj,2,0.42883395812394515,0.36902331494332125,0.16948728579994354
bv+demo,HGB,CogTotalComp_Unadj,2,0.3957592869041123,0.3456951717911452,0.12190605265526544
bv+demo,KR,CogTotalComp_Unadj,2,0.356857348221509,0.3167282970525813,0.09620033720429666
SC,linear_BR,CogTotalComp_Unadj,2,0.314700991076293,0.26914768533328154,0.09057604890195703
SC,HGB,CogTotalComp_Unadj,2,0.27409677270903726,0.24215837776470026,0.06100479056532471
SC,KR,CogTotalComp_Unadj,2,0.3069534434047149,0.29052778442592825,-0.8316561707153376
r2t,linear_BR,CogTotalComp_Unadj,2,0.17964590969322938,0.17774429769210123,-0.032189039401379294
r2t,HGB,CogTotalComp_Unadj,2,0.18891939443779934,0.1863008447288281,0.031204175377736343
r2t,KR,CogTotalComp_Unadj,2,0.0198847681431736,0.0071784513233685565,-0.13874257148541091
r2t_corr,linear_BR,CogTotalComp_Unadj,2,0.10290325043479902,0.1137876352154564,0.003872905941322391
r2t_corr,HGB,CogTotalComp_Unadj,2,0.02893399060486873,0.024021629038490352,-0.00038068105372746075
r2t_corr,KR,CogTotalComp_Unadj,2,0.023144142050528074,0.011161657104195854,-0.5705553075329808
FC,linear_BR,CogTotalComp_Unadj,2,0.5363573566888867,0.5163743836137369,0.25106041966266557
FC,HGB,CogTotalComp_Unadj,2,0.2382808654634509,0.25305599441433935,0.030873117029864394
FC,KR,CogTotalComp_Unadj,2,0.3767877488089717,0.3215103142190439,-1.197503341444138
SC_r2t,linear_BR,CogTotalComp_Unadj,2,0.17964518165678026,0.17774429769210123,-0.0321896845249694
SC_r2t,HGB,CogTotalComp_Unadj,2,0.18891939443779934,0.1863008447288281,0.031204175377736343
SC_r2t,KR,CogTotalComp_Unadj,2,0.01988533313334606,0.007594133737210132,-0.13874177506072316
bv+demo,linear_BR,CogFluidComp_Unadj,2,0.32289567151899523,0.2817907074384887,0.09149837879075284
bv+demo,HGB,CogFluidComp_Unadj,2,0.22289491789906413,0.23621643210715917,0.04146135401288642
bv+demo,KR,CogFluidComp_Unadj,2,0.2646422248831878,0.24929536673975458,-0.0015389886246979234
SC,linear_BR,CogFluidComp_Unadj,2,0.23472158867254805,0.18200278598318856,0.0384847510571541
SC,HGB,CogFluidComp_Unadj,2,0.0709423287126007,0.020288096309262597,0.0045720093124185235
SC,KR,CogFluidComp_Unadj,2,0.1979518083908862,0.19371092384012192,-1.2450619974445711
r2t,linear_BR,CogFluidComp_Unadj,2,0.16086118803159047,0.15146547860441203,-0.04505092501501973
r2t,HGB,CogFluidComp_Unadj,2,0.1262078826929964,0.10907002821461073,0.013673099117657905
r2t,KR,CogFluidComp_Unadj,2,-0.01692735876704069,-0.021889744195451293,-0.2342745996170037
r2t_corr,linear_BR,CogFluidComp_Unadj,2,0.08330675146109523,0.0834801580117144,-0.0021276861688288573
r2t_corr,HGB,CogFluidComp_Unadj,2,-0.06093189173102996,-0.059600169951914105,-0.019176696971077822
r2t_corr,KR,CogFluidComp_Unadj,2,0.03797810450449328,0.04088583897901295,-0.7291144461943937
FC,linear_BR,CogFluidComp_Unadj,2,0.3483417585112235,0.3096088023038714,0.10759398893732652
FC,HGB,CogFluidComp_Unadj,2,0.016352341490901548,0.057445348958264496,-0.0033824351748965586
FC,KR,CogFluidComp_Unadj,2,0.15794659670297978,0.09110780784593982,-1.7187637896957662
SC_r2t,linear_BR,CogFluidComp_Unadj,2,0.16086146276965352,0.15151722543554477,-0.04505075608352804
SC_r2t,HGB,CogFluidComp_Unadj,2,0.10719051286933941,0.09295363210351847,0.009816588129184622
SC_r2t,KR,CogFluidComp_Unadj,2,-0.016926814638570323,-0.021889744195451293,-0.23427389900240203
bv+demo,linear_BR,CogCrystalComp_Unadj,2,0.4411487630485998,0.3890533382363335,0.18174626649465975
bv+demo,HGB,CogCrystalComp_Unadj,2,0.3896888538780877,0.3559097649469591,0.15098159187936866
bv+demo,KR,CogCrystalComp_Unadj,2,0.27943996133417665,0.2839556423780853,-0.030617079490840693
SC,linear_BR,CogCrystalComp_Unadj,2,0.27773953964845577,0.2811525408400688,0.07658953232410881
SC,HGB,CogCrystalComp_Unadj,2,0.22333797716626583,0.19704816576726011,0.03592068679072258
SC,KR,CogCrystalComp_Unadj,2,0.272065962419052,0.28669481636947847,-1.8449842877246918
r2t,linear_BR,CogCrystalComp_Unadj,2,0.14611592545621682,0.1673995406946887,-0.07485914404797822
r2t,HGB,CogCrystalComp_Unadj,2,0.04171176137633015,0.030710307872189663,-0.0040884608225348895
r2t,KR,CogCrystalComp_Unadj,2,0.01686489596193736,0.00837289018875778,-0.25419653029476663
r2t_corr,linear_BR,CogCrystalComp_Unadj,2,0.1357711730250064,0.11859288187138375,0.01834981601775043
r2t_corr,HGB,CogCrystalComp_Unadj,2,-0.012535015368769315,0.02068096593738113,-0.011013894544011027
r2t_corr,KR,CogCrystalComp_Unadj,2,0.004416401408550433,-0.008306535013781638,-1.189764712894299
FC,linear_BR,CogCrystalComp_Unadj,2,0.5679156352121059,0.530518525238213,0.29984944424528337
FC,HGB,CogCrystalComp_Unadj,2,0.35569342528832426,0.34370604981574804,0.08485103348572742
FC,KR,CogCrystalComp_Unadj,2,0.3876033060583135,0.3412242044297502,-2.715041324878506
SC_r2t,linear_BR,CogCrystalComp_Unadj,2,0.14611519465983624,0.1673995406946887,-0.07485934700618158
SC_r2t,HGB,CogCrystalComp_Unadj,2,0.042800788649535904,0.03170320786847901,-0.0038300076195223465
SC_r2t,KR,CogCrystalComp_Unadj,2,0.01686530744786717,0.00837289018875778,-0.25419605696598047
bv+demo,linear_BR,CogTotalComp_Unadj,3,0.34531834694514624,0.3629137230722477,0.11229394744699772
bv+demo,HGB,CogTotalComp_Unadj,3,0.3150697799880308,0.2810321904851737,0.08604078112319313
bv+demo,KR,CogTotalComp_Unadj,3,0.32128690975849483,0.30182913888446966,0.05192660757036183
SC,linear_BR,CogTotalComp_Unadj,3,0.11143063602310221,0.11360429801663117,-0.03480669868197128
SC,HGB,CogTotalComp_Unadj,3,0.04102400371265082,0.04355832169405215,-0.0643324524576605
SC,KR,CogTotalComp_Unadj,3,0.09347556221282752,0.11006635270207908,-1.3355816646511025
r2t,linear_BR,CogTotalComp_Unadj,3,0.20372370290647315,0.2166497876013603,-0.04118684317121901
r2t,HGB,CogTotalComp_Unadj,3,0.09399303536064497,0.1204374202115255,-0.009579443526546827
r2t,KR,CogTotalComp_Unadj,3,0.05465603284902039,0.06375827387654291,-0.13146586055902731
r2t_corr,linear_BR,CogTotalComp_Unadj,3,0.08169925474378927,0.045540121345318874,-0.008060985915846253
r2t_corr,HGB,CogTotalComp_Unadj,3,0.06184029087064377,0.05295426932608886,-0.0040214331209997844
r2t_corr,KR,CogTotalComp_Unadj,3,0.05092529306137133,0.019614880256044926,-0.7648204357972059
FC,linear_BR,CogTotalComp_Unadj,3,0.4579379318150418,0.4134880525149656,0.2029384109536213
FC,HGB,CogTotalComp_Unadj,3,0.18292400242837464,0.16793991973337433,0.02356401612584147
FC,KR,CogTotalComp_Unadj,3,0.2746431635218103,0.2608425441368143,-1.7643742526013382
SC_r2t,linear_BR,CogTotalComp_Unadj,3,0.20372426811660177,0.2166497876013603,-0.041186494988084466
SC_r2t,HGB,CogTotalComp_Unadj,3,0.03490293801438863,0.07273746902985265,-0.02299117874295087
SC_r2t,KR,CogTotalComp_Unadj,3,0.05465479157073452,0.06375827387654291,-0.131466705319512
bv+demo,linear_BR,CogFluidComp_Unadj,3,0.2562250028108972,0.27723147237184953,0.06456616239427893
bv+demo,HGB,CogFluidComp_Unadj,3,0.22016778570852735,0.2193175992776603,0.04369205809359866
bv+demo,KR,CogFluidComp_Unadj,3,0.25253899829732646,0.2323244665712103,0.004369672098744726
SC,linear_BR,CogFluidComp_Unadj,3,0.090018977813509,0.07756260034221583,-0.003492428063496922
SC,HGB,CogFluidComp_Unadj,3,-0.003982098391774888,0.012886639649971696,-0.024777204299971434
SC,KR,CogFluidComp_Unadj,3,0.09921452942675037,0.07620232145671489,-1.6995182999284895
r2t,linear_BR,CogFluidComp_Unadj,3,0.13663784604366322,0.17036501760926162,-0.10859182852574478
r2t,HGB,CogFluidComp_Unadj,3,0.03191777001791432,0.035172231860974554,-0.011141077324809956
r2t,KR,CogFluidComp_Unadj,3,0.008395168546300208,0.027394123206938265,-0.22022271035872665
r2t_corr,linear_BR,CogFluidComp_Unadj,3,0.18221312690002126,0.15201784142189534,0.031074086531321377
r2t_corr,HGB,CogFluidComp_Unadj,3,0.07814670116977668,0.070987812916142,0.005443572139272268
r2t_corr,KR,CogFluidComp_Unadj,3,0.08667188157932741,0.08004525091967978,-0.9437305623235392
FC,linear_BR,CogFluidComp_Unadj,3,0.33885955811747553,0.29936412424414943,0.10823192835086226
FC,HGB,CogFluidComp_Unadj,3,0.1193912624289503,0.13561224374353664,0.01221063240076492
FC,KR,CogFluidComp_Unadj,3,0.14561363262657456,0.1301546558606435,-2.4244621683268965
SC_r2t,linear_BR,CogFluidComp_Unadj,3,0.13663838215951923,0.17036501760926162,-0.10859108414187313
SC_r2t,HGB,CogFluidComp_Unadj,3,0.03191777001791432,0.035172231860974554,-0.011141077324809956
SC_r2t,KR,CogFluidComp_Unadj,3,0.008392669117968966,0.027394123206938265,-0.22022380655754215
bv+demo,linear_BR,CogCrystalComp_Unadj,3,0.37476189099751295,0.35405779393764647,0.1309847475537398
bv+demo,HGB,CogCrystalComp_Unadj,3,0.39251817255983085,0.35397892081757043,0.15106891594598948
bv+demo,KR,CogCrystalComp_Unadj,3,0.29552597315846785,0.2829539477503487,-0.024414411298240513
SC,linear_BR,CogCrystalComp_Unadj,3,0.12940161767751157,0.11617453086310597,-0.022522545149078033
SC,HGB,CogCrystalComp_Unadj,3,0.05961300076851594,0.021381810531785943,-0.07593813110997982
SC,KR,CogCrystalComp_Unadj,3,0.1288101187897454,0.11730742776143321,-2.5048721401988456
r2t,linear_BR,CogCrystalComp_Unadj,3,0.11088223980394106,0.09211260995470591,-0.16099194745037027
r2t,HGB,CogCrystalComp_Unadj,3,0.08546583014728042,0.08096044048462027,0.003913230579183247
r2t,KR,CogCrystalComp_Unadj,3,-0.04462992132046186,-0.059977989433654115,-0.34339130192248213
r2t_corr,linear_BR,CogCrystalComp_Unadj,3,-0.025241892367920214,-0.07366500238958748,-0.0395016326363784
r2t_corr,HGB,CogCrystalComp_Unadj,3,0.11893026137867782,0.12309756335310544,0.005988669887298181
r2t_corr,KR,CogCrystalComp_Unadj,3,-0.00043748621645704424,-0.06568293452880193,-1.4497303431944277
FC,linear_BR,CogCrystalComp_Unadj,3,0.426853752819641,0.4020553986714901,0.18208264739288682
FC,HGB,CogCrystalComp_Unadj,3,0.1811491860606696,0.2136222759968629,0.029452971715658305
FC,KR,CogCrystalComp_Unadj,3,0.20178407094747297,0.16616198807765442,-3.363215777385877
SC_r2t,linear_BR,CogCrystalComp_Unadj,3,0.11088124926359182,0.09211260995470591,-0.16099241828103295
SC_r2t,HGB,CogCrystalComp_Unadj,3,0.08985784995445552,0.0697914740583212,0.004852516770229243
SC_r2t,KR,CogCrystalComp_Unadj,3,-0.044629638834764174,-0.059977989433654115,-0.34338977319118325
bv+demo,linear_BR,CogTotalComp_Unadj,4,0.29501744868108615,0.2763387169576236,0.07119809491334594
bv+demo,HGB,CogTotalComp_Unadj,4,0.2958469675149534,0.25971275402314375,0.06941021947728665
bv+demo,KR,CogTotalComp_Unadj,4,0.23223851347131783,0.2674622321073283,-0.010768862464746176
SC,linear_BR,CogTotalComp_Unadj,4,0.2322648848504011,0.20722906506972544,0.04665137850115331
SC,HGB,CogTotalComp_Unadj,4,0.08560487574528994,0.08898481731124817,0.0006542341902926463
SC,KR,CogTotalComp_Unadj,4,0.16144513793726814,0.14588590686293063,-1.6805368957955529
r2t,linear_BR,CogTotalComp_Unadj,4,0.16858753552316452,0.16409096761381287,-0.07101310268732552
r2t,HGB,CogTotalComp_Unadj,4,0.1230884756119858,0.12942376475164846,0.0096140375248015
r2t,KR,CogTotalComp_Unadj,4,0.04037307138750094,0.004875694336667865,-0.2057222845984723
r2t_corr,linear_BR,CogTotalComp_Unadj,4,0.24044535529747207,0.25626845770211,0.051964737101695135
r2t_corr,HGB,CogTotalComp_Unadj,4,0.14475007147221788,0.15538240229648292,0.012463138547320951
r2t_corr,KR,CogTotalComp_Unadj,4,0.17598806119444177,0.17889285916326253,-0.9576538043393847
FC,linear_BR,CogTotalComp_Unadj,4,0.39311653447797457,0.3689958541221348,0.1484425689850304
FC,HGB,CogTotalComp_Unadj,4,0.3092998414138225,0.28340425422932264,0.08450126708788874
FC,KR,CogTotalComp_Unadj,4,0.37739717808454454,0.34165338740050316,-1.863615110862972
SC_r2t,linear_BR,CogTotalComp_Unadj,4,0.16858699619748285,0.16409096761381287,-0.07101345096027178
SC_r2t,HGB,CogTotalComp_Unadj,4,0.1316785558605415,0.12984916090182752,0.012495714858507423
SC_r2t,KR,CogTotalComp_Unadj,4,0.04037216277773214,0.004875694336667865,-0.20572320537388933
bv+demo,linear_BR,CogFluidComp_Unadj,4,0.2960634202070202,0.2843442404515373,0.08431388447658761
bv+demo,HGB,CogFluidComp_Unadj,4,0.2722875981653669,0.28386459053727453,0.04923758025249325
bv+demo,KR,CogFluidComp_Unadj,4,0.169954429712033,0.17923826000080323,-0.03288204937571537
SC,linear_BR,CogFluidComp_Unadj,4,0.11418659065515702,0.11442418272063576,0.012060438812378727
SC,HGB,CogFluidComp_Unadj,4,-0.02379641290509042,-0.033426460043006846,-0.023567633418915657
SC,KR,CogFluidComp_Unadj,4,0.03699508881286264,0.005233039016190065,-1.9207901825330547
r2t,linear_BR,CogFluidComp_Unadj,4,0.10679242175227445,0.10106645666844877,-0.09491389946474538
r2t,HGB,CogFluidComp_Unadj,4,-0.06098128532036654,-0.03861702068142891,-0.029095332212918157
r2t,KR,CogFluidComp_Unadj,4,0.058696878220855626,0.012483687118266806,-0.22854887368424937
r2t_corr,linear_BR,CogFluidComp_Unadj,4,0.16708130315497446,0.15457055625589938,0.02687466733283228
r2t_corr,HGB,CogFluidComp_Unadj,4,0.0707072675726493,0.08814191298409697,0.0036401223842869035
r2t_corr,KR,CogFluidComp_Unadj,4,0.09187301744869462,0.07991729783388764,-1.0607374131275642
FC,linear_BR,CogFluidComp_Unadj,4,0.25519114411735055,0.25634152117436954,0.06296238775337604
FC,HGB,CogFluidComp_Unadj,4,0.1586628590879493,0.1826328033284026,0.023671657686801684
FC,KR,CogFluidComp_Unadj,4,0.27392982868482635,0.2691394074897357,-2.3251790580713108
SC_r2t,linear_BR,CogFluidComp_Unadj,4,0.10679107698339226,0.10106645666844877,-0.09491471722306777
SC_r2t,HGB,CogFluidComp_Unadj,4,-0.0608156887489401,-0.03848613012186648,-0.029061970587248576
SC_r2t,KR,CogFluidComp_Unadj,4,0.0586968043817317,0.012483687118266806,-0.2285494949719431
bv+demo,linear_BR,CogCrystalComp_Unadj,4,0.34700439586322945,0.35654776482315814,0.08705154233625978
bv+demo,HGB,CogCrystalComp_Unadj,4,0.3533638190981997,0.33217144122569575,0.1028999153091732
bv+demo,KR,CogCrystalComp_Unadj,4,0.26435426976430365,0.320034054923782,-0.05661412911227326
SC,linear_BR,CogCrystalComp_Unadj,4,0.26351040298740985,0.22955431118883368,0.05342803883955116
SC,HGB,CogCrystalComp_Unadj,4,0.22463832033543604,0.1839343621060989,0.021347206682150732
SC,KR,CogCrystalComp_Unadj,4,0.22643630786949942,0.23179368505172082,-3.6288609862594683
r2t,linear_BR,CogCrystalComp_Unadj,4,0.17434602224053244,0.1624922546453831,-0.18366207081907593
r2t,HGB,CogCrystalComp_Unadj,4,0.19482395377676548,0.1857151779449526,0.032603979391161775
r2t,KR,CogCrystalComp_Unadj,4,-0.03284699343401443,-0.03471070576903702,-0.569670125222224
r2t_corr,linear_BR,CogCrystalComp_Unadj,4,0.1904320605715403,0.2192786668653326,0.022941669790010666
r2t_corr,HGB,CogCrystalComp_Unadj,4,-0.0007371919387089421,0.0017849247817213983,-0.06195744039335427
r2t_corr,KR,CogCrystalComp_Unadj,4,0.13056466938372574,0.12889260702776748,-2.2239130202242925
FC,linear_BR,CogCrystalComp_Unadj,4,0.4236334562529722,0.3596993240026709,0.16739667607126785
FC,HGB,CogCrystalComp_Unadj,4,0.2864016300221831,0.22325037104123477,0.06649711684868964
FC,KR,CogCrystalComp_Unadj,4,0.33525219795948275,0.2569272667847628,-4.267497460012349
SC_r2t,linear_BR,CogCrystalComp_Unadj,4,0.174344936993279,0.1624922546453831,-0.18366305407745154
SC_r2t,HGB,CogCrystalComp_Unadj,4,0.19575410891397976,0.18544891844712677,0.03295217218525959
SC_r2t,KR,CogCrystalComp_Unadj,4,-0.03284794642188555,-0.03471070576903702,-0.569671852332744
bv+demo,linear_BR,CogTotalComp_Unadj,5,0.5100536712428542,0.5081836893557293,0.2088214733840178
bv+demo,HGB,CogTotalComp_Unadj,5,0.40351756813401024,0.3901328107564383,0.15288780880809705
bv+demo,KR,CogTotalComp_Unadj,5,0.4409478801275632,0.42642860882053063,0.16997104486090187
SC,linear_BR,CogTotalComp_Unadj,5,0.290599313796054,0.26276968708566273,0.06870432299400409
SC,HGB,CogTotalComp_Unadj,5,0.17561197318528574,0.17995273484606708,0.02553358166026376
SC,KR,CogTotalComp_Unadj,5,0.27368737593695636,0.2628962569327812,-0.7826645728914197
r2t,linear_BR,CogTotalComp_Unadj,5,0.2164132343305686,0.23997232072609437,-0.02560260614355392
r2t,HGB,CogTotalComp_Unadj,5,0.09730831586583624,0.11494890140918826,0.0029777419954017947
r2t,KR,CogTotalComp_Unadj,5,-0.001075804964073535,0.011752092493167053,-0.2028581980623927
r2t_corr,linear_BR,CogTotalComp_Unadj,5,0.07021153179179067,0.05110298671516477,-0.016835000266393063
r2t_corr,HGB,CogTotalComp_Unadj,5,-0.06909110649006062,-0.07576109420380021,-0.04779281447511918
r2t_corr,KR,CogTotalComp_Unadj,5,-0.022486882716836992,-0.05129941654283573,-0.536960705756192
FC,linear_BR,CogTotalComp_Unadj,5,0.443588526299432,0.4370152724616583,0.18680363641477726
FC,HGB,CogTotalComp_Unadj,5,0.296669944356249,0.26614433508740715,0.05850637178897711
FC,KR,CogTotalComp_Unadj,5,0.29839196922049643,0.2522512396608391,-1.2792268621366039
SC_r2t,linear_BR,CogTotalComp_Unadj,5,0.21641365384715408,0.23997232072609437,-0.02560208837975453
SC_r2t,HGB,CogTotalComp_Unadj,5,0.09804955908687774,0.11773277752007152,0.003300325194313003
SC_r2t,KR,CogTotalComp_Unadj,5,-0.0010733304339354082,0.011752092493167053,-0.20285675007362647
bv+demo,linear_BR,CogFluidComp_Unadj,5,0.33394734388414293,0.29090808982536703,0.09683173765589848
bv+demo,HGB,CogFluidComp_Unadj,5,0.226919906011432,0.1948397578528866,0.04915138377108652
bv+demo,KR,CogFluidComp_Unadj,5,0.2800731039132959,0.25646950927956363,0.03985947860770156
SC,linear_BR,CogFluidComp_Unadj,5,0.23076502265680032,0.1937417718695435,0.03295094688916633
SC,HGB,CogFluidComp_Unadj,5,0.10710524567574962,0.11534339966276089,0.010695653333886446
SC,KR,CogFluidComp_Unadj,5,0.16677105417354376,0.15452615004870843,-1.2856827247506124
r2t,linear_BR,CogFluidComp_Unadj,5,0.23311282794221933,0.26447945617578494,-0.013732850353972426
r2t,HGB,CogFluidComp_Unadj,5,0.11045227226245903,0.06986166056648851,0.010265622356929183
r2t,KR,CogFluidComp_Unadj,5,0.03434154721922427,0.03434818409986261,-0.2134486952907073
r2t_corr,linear_BR,CogFluidComp_Unadj,5,0.12784524476895626,0.10806977290802049,0.011862231884623986
r2t_corr,HGB,CogFluidComp_Unadj,5,-0.015016685568355916,-0.03258219303606045,-0.016687583693293595
r2t_corr,KR,CogFluidComp_Unadj,5,0.00013805981870407543,-0.017870555576611057,-0.7315483270366114
FC,linear_BR,CogFluidComp_Unadj,5,0.3987125350922619,0.3561521355760283,0.11293049891998463
FC,HGB,CogFluidComp_Unadj,5,0.18834825448029274,0.1482239960030304,0.023354582850466543
FC,KR,CogFluidComp_Unadj,5,0.15932323344746765,0.12695523403678433,-1.9986276432924002
SC_r2t,linear_BR,CogFluidComp_Unadj,5,0.23311254340328838,0.26447945617578494,-0.013732928063402428
SC_r2t,HGB,CogFluidComp_Unadj,5,0.09505118725171617,0.046398030343762546,0.007319485429892136
SC_r2t,KR,CogFluidComp_Unadj,5,0.034343872239859914,0.03434818409986261,-0.21344895639635886
bv+demo,linear_BR,CogCrystalComp_Unadj,5,0.46296205318317096,0.45098456514424873,0.18346907572033533
bv+demo,HGB,CogCrystalComp_Unadj,5,0.4402168339078721,0.4240536454980146,0.14651829003908812
bv+demo,KR,CogCrystalComp_Unadj,5,0.3474242847107925,0.37156389437341464,0.06289151096801981
SC,linear_BR,CogCrystalComp_Unadj,5,0.271317245567995,0.246819402256072,0.05955013089902994
SC,HGB,CogCrystalComp_Unadj,5,0.10798087918302632,0.13691824209921247,0.006588550686526973
SC,KR,CogCrystalComp_Unadj,5,0.26106655008812857,0.23612408094314924,-1.4924054558812299
r2t,linear_BR,CogCrystalComp_Unadj,5,0.09078467278246077,0.09255009411215001,-0.14167017250810177
r2t,HGB,CogCrystalComp_Unadj,5,0.09089815998507525,0.08850647448586,-0.0030387514624778955
r2t,KR,CogCrystalComp_Unadj,5,-0.12875303487500284,-0.12964182771436225,-0.4799308298698737
r2t_corr,linear_BR,CogCrystalComp_Unadj,5,0.005287568514495433,0.014225902147324034,-0.029558196750856913
r2t_corr,HGB,CogCrystalComp_Unadj,5,-0.09831111541299561,-0.06538511802973557,-0.027321492439444484
r2t_corr,KR,CogCrystalComp_Unadj,5,-0.018105566469290946,-0.021701379055002044,-0.9609099785527315
FC,linear_BR,CogCrystalComp_Unadj,5,0.43542794609485885,0.4209151511571945,0.1816925297958919
FC,HGB,CogCrystalComp_Unadj,5,0.21221830221275795,0.19951139933588669,0.04170155886325344
FC,KR,CogCrystalComp_Unadj,5,0.3106462713219984,0.2634591761955159,-2.2701693156535776
SC_r2t,linear_BR,CogCrystalComp_Unadj,5,0.09078308101628361,0.09255009411215001,-0.141672260527004
SC_r2t,HGB,CogCrystalComp_Unadj,5,0.0912085172567864,0.08857202045138522,-0.0029218972619875494
SC_r2t,KR,CogCrystalComp_Unadj,5,-0.12875250631348445,-0.12964182771436225,-0.4799339320781202
bv+demo,linear_BR,CogTotalComp_Unadj,6,0.3000738711241278,0.31110005110623334,0.06851936791296576
bv+demo,HGB,CogTotalComp_Unadj,6,0.3421568641162042,0.3464102564649832,0.09790607025860376
bv+demo,KR,CogTotalComp_Unadj,6,0.11487225967404605,0.2110462816915987,-0.19401938322738643
SC,linear_BR,CogTotalComp_Unadj,6,0.18047841616543137,0.15387206434706552,0.005248977072033423
SC,HGB,CogTotalComp_Unadj,6,0.11168890623594147,0.11592330082101703,-0.013228062874746538
SC,KR,CogTotalComp_Unadj,6,0.10514425958766409,0.08890172639899362,-1.9999207022182741
r2t,linear_BR,CogTotalComp_Unadj,6,0.11296703386324584,0.118135401160986,-0.1557706927346878
r2t,HGB,CogTotalComp_Unadj,6,0.09392623602023782,0.12146315342788536,0.0038876295075276346
r2t,KR,CogTotalComp_Unadj,6,-0.057614772536439714,-0.065428044527053,-0.3580367116827379
r2t_corr,linear_BR,CogTotalComp_Unadj,6,0.002523124562967822,-0.004198458017683153,-0.0641810918181056
r2t_corr,HGB,CogTotalComp_Unadj,6,0.16113397424347226,0.16974959450919705,0.019775621141031374
r2t_corr,KR,CogTotalComp_Unadj,6,-0.033122702588648925,-0.03229008820881971,-1.1507835827919806
FC,linear_BR,CogTotalComp_Unadj,6,0.3798677898672748,0.31358055413911945,0.12193446388327256
FC,HGB,CogTotalComp_Unadj,6,0.26896383990184336,0.2778198946857924,0.05926233112341428
FC,KR,CogTotalComp_Unadj,6,0.29696630110100325,0.21828426689397204,-2.259085303823434
SC_r2t,linear_BR,CogTotalComp_Unadj,6,0.11296777869526872,0.118135401160986,-0.15577018008086396
SC_r2t,HGB,CogTotalComp_Unadj,6,0.09392623602023782,0.12146315342788536,0.0038876295075276346
SC_r2t,KR,CogTotalComp_Unadj,6,-0.05761329061006653,-0.065428044527053,-0.35803423336514184
bv+demo,linear_BR,CogFluidComp_Unadj,6,0.13669780798460784,0.12131701671632011,-0.02040462074131444
bv+demo,HGB,CogFluidComp_Unadj,6,0.10064717556934324,0.09087831270665418,-0.01762710863986916
bv+demo,KR,CogFluidComp_Unadj,6,0.05591220470023783,0.1320813311551713,-0.28577085991962203
SC,linear_BR,CogFluidComp_Unadj,6,-0.048326913463500216,-0.0713025389095393,-0.08162075714812378
SC,HGB,CogFluidComp_Unadj,6,-0.022222598269668943,-0.054339819722718306,-0.021011358740429698
SC,KR,CogFluidComp_Unadj,6,-0.02811774167542133,-0.03356139158443926,-2.4804238552189206
r2t,linear_BR,CogFluidComp_Unadj,6,0.021521391105958236,0.030895900638061406,-0.24520818203659767
r2t,HGB,CogFluidComp_Unadj,6,0.03275116560495737,0.03739647931299867,-0.011027981180637081
r2t,KR,CogFluidComp_Unadj,6,0.07116961512832021,0.055709373133633396,-0.26585908475054065
r2t_corr,linear_BR,CogFluidComp_Unadj,6,-0.041739248917949244,-0.06515800054151893,-0.0685562464575542
r2t_corr,HGB,CogFluidComp_Unadj,6,0.056867840106086795,0.07047498576373246,-0.001525262618677914
r2t_corr,KR,CogFluidComp_Unadj,6,-0.09233004163908755,-0.07037001073466605,-1.3563911532740582
FC,linear_BR,CogFluidComp_Unadj,6,0.17598842045315122,0.16728820632022645,-0.0017734862612386326
FC,HGB,CogFluidComp_Unadj,6,0.1001496835929854,0.08592993441803426,0.005956563185414598
FC,KR,CogFluidComp_Unadj,6,0.038185702839647014,-0.010032113611112978,-2.929724878265929
SC_r2t,linear_BR,CogFluidComp_Unadj,6,0.02152186941854012,0.030895900638061406,-0.24520843462235886
SC_r2t,HGB,CogFluidComp_Unadj,6,0.03275116560495737,0.03739647931299867,-0.011027981180637081
SC_r2t,KR,CogFluidComp_Unadj,6,0.07117164121504514,0.055709373133633396,-0.2658557344246384
bv+demo,linear_BR,CogCrystalComp_Unadj,6,0.3453840242072011,0.3479520071445681,0.1124774885491101
bv+demo,HGB,CogCrystalComp_Unadj,6,0.41779023961262013,0.42069347720843253,0.16081338900062736
bv+demo,KR,CogCrystalComp_Unadj,6,0.11123940027923705,0.15062641026588855,-0.2748213072390142
SC,linear_BR,CogCrystalComp_Unadj,6,0.32915072961941777,0.3026658481793224,0.09496476191443659
SC,HGB,CogCrystalComp_Unadj,6,0.17978129782495267,0.1810378032922373,-0.0004462850244559835
SC,KR,CogCrystalComp_Unadj,6,0.24922812839690836,0.21398396593795702,-2.8443983457778246
r2t,linear_BR,CogCrystalComp_Unadj,6,0.13338788924394246,0.1361547703481165,-0.1056952232575874
r2t,HGB,CogCrystalComp_Unadj,6,-0.061920414029917645,-0.00662538529167511,-0.02210212437783543
r2t,KR,CogCrystalComp_Unadj,6,-0.19837979533603198,-0.20317217612915492,-0.7056258925078294
r2t_corr,linear_BR,CogCrystalComp_Unadj,6,0.015723941846017598,0.008964754850728975,-0.026629459565858937
r2t_corr,HGB,CogCrystalComp_Unadj,6,0.1054717727584685,0.107893382767767,0.008085345853284243
r2t_corr,KR,CogCrystalComp_Unadj,6,0.07591614276927273,0.052514884573863434,-1.6200234623402254
FC,linear_BR,CogCrystalComp_Unadj,6,0.5515402555175242,0.4796415099709082,0.2919800315217669
FC,HGB,CogCrystalComp_Unadj,6,0.30341322338039706,0.2622948220058041,0.0899596556624862
FC,KR,CogCrystalComp_Unadj,6,0.4699213341473271,0.4356306647950596,-3.5271026858583028
SC_r2t,linear_BR,CogCrystalComp_Unadj,6,0.1333875474079541,0.1361547703481165,-0.10569580905294518
SC_r2t,HGB,CogCrystalComp_Unadj,6,-0.061920414029917645,-0.00662538529167511,-0.02210212437783543
SC_r2t,KR,CogCrystalComp_Unadj,6,-0.19837918583644767,-0.20317217612915492,-0.7056232124036039
bv+demo,linear_BR,CogTotalComp_Unadj,7,0.21315371451146636,0.21111541184335825,-0.027245933204663286
bv+demo,HGB,CogTotalComp_Unadj,7,0.22817156253716112,0.2258910833199996,-0.006216123876295221
bv+demo,KR,CogTotalComp_Unadj,7,0.18504699581605272,0.17175973066039538,-0.14289571281737445
SC,linear_BR,CogTotalComp_Unadj,7,0.15382782344861998,0.13862420297239694,-0.04613061471990321
SC,HGB,CogTotalComp_Unadj,7,0.0683608040783553,0.07004566713219516,-0.05881140221958869
SC,KR,CogTotalComp_Unadj,7,0.1624490044509928,0.1477255637805263,-1.6944316007155495
r2t,linear_BR,CogTotalComp_Unadj,7,0.18721442410358796,0.17063140845817767,-0.09057288257097995
r2t,HGB,CogTotalComp_Unadj,7,0.2136876844639017,0.19140066919833884,-0.003599642889157595
r2t,KR,CogTotalComp_Unadj,7,0.05605752862809833,0.03964166525169686,-0.2110532693679279
r2t_corr,linear_BR,CogTotalComp_Unadj,7,0.19986294655964862,0.21438697097447904,-0.009150356533510262
r2t_corr,HGB,CogTotalComp_Unadj,7,0.05827877066974402,0.08130998646490861,-0.0468502473921415
r2t_corr,KR,CogTotalComp_Unadj,7,0.1525029574081218,0.15363672299432984,-1.0926616085692413
FC,linear_BR,CogTotalComp_Unadj,7,0.3445237645328491,0.32688965208256915,0.10715276949154329
FC,HGB,CogTotalComp_Unadj,7,0.18071117076023802,0.184919928581965,0.011204345566639518
FC,KR,CogTotalComp_Unadj,7,0.23022931635751354,0.24065805921956063,-1.9594204686785686
SC_r2t,linear_BR,CogTotalComp_Unadj,7,0.18721523760378977,0.17063140845817767,-0.09057212826538819
SC_r2t,HGB,CogTotalComp_Unadj,7,0.2136876844639017,0.19140066919833884,-0.003599642889157595
SC_r2t,KR,CogTotalComp_Unadj,7,0.05605830573790923,0.03964166525169686,-0.21105267473462397
bv+demo,linear_BR,CogFluidComp_Unadj,7,0.18407192438906192,0.15103450599615975,0.0035999634999408503
bv+demo,HGB,CogFluidComp_Unadj,7,0.1710713463575302,0.13697761663579092,0.0065446981759932354
bv+demo,KR,CogFluidComp_Unadj,7,0.0923063401849664,0.08285909401365048,-0.19552063357517735
SC,linear_BR,CogFluidComp_Unadj,7,0.10883034904589856,0.09166782401654967,-0.015503198893979109
SC,HGB,CogFluidComp_Unadj,7,-0.0777916082679162,-0.0451566431830713,-0.03811819338337874
SC,KR,CogFluidComp_Unadj,7,0.04731148865569732,0.04846321806707472,-1.9979748828352126
r2t,linear_BR,CogFluidComp_Unadj,7,0.1183853660591832,0.09162426932953094,-0.13085886834563
r2t,HGB,CogFluidComp_Unadj,7,-0.043603976808634634,-0.10857690401838321,-0.0404208299358948
r2t,KR,CogFluidComp_Unadj,7,-0.0014479647919146666,-0.011297099668798877,-0.3133335763378835
r2t_corr,linear_BR,CogFluidComp_Unadj,7,0.2197420249211029,0.21799860460762008,0.012995830443961909
r2t_corr,HGB,CogFluidComp_Unadj,7,0.05717555642340539,0.04697750519992638,-0.02143021479190743
r2t_corr,KR,CogFluidComp_Unadj,7,0.17583176999807015,0.16359140444231138,-1.1931946767751374
FC,linear_BR,CogFluidComp_Unadj,7,0.2773664571490788,0.22304437400941138,0.07094755212668924
FC,HGB,CogFluidComp_Unadj,7,-0.017626608082397396,0.008343845666805674,-0.020736071903868947
FC,KR,CogFluidComp_Unadj,7,0.08422300238368796,0.06582099352385583,-2.591987894884171
SC_r2t,linear_BR,CogFluidComp_Unadj,7,0.11838467538209259,0.09157003141739443,-0.13085978416542976
SC_r2t,HGB,CogFluidComp_Unadj,7,-0.043603976808634634,-0.10857690401838321,-0.0404208299358948
SC_r2t,KR,CogFluidComp_Unadj,7,-0.001447447137667755,-0.011297099668798877,-0.3133322161170078
bv+demo,linear_BR,CogCrystalComp_Unadj,7,0.28788788493278,0.29483835445575385,0.04006567944360684
bv+demo,HGB,CogCrystalComp_Unadj,7,0.2881981132924938,0.2387590484171476,0.05079674021028824
bv+demo,KR,CogCrystalComp_Unadj,7,0.27489252575479955,0.26874743191719724,-0.10284028611633911
SC,linear_BR,CogCrystalComp_Unadj,7,0.15272746504373594,0.12922604079460862,-0.051543931261251785
SC,HGB,CogCrystalComp_Unadj,7,0.1436630523892806,0.14299590750083732,-0.10623040773939718
SC,KR,CogCrystalComp_Unadj,7,0.23268292524093614,0.20169123810633255,-2.977535834922915
r2t,linear_BR,CogCrystalComp_Unadj,7,0.15678645311667153,0.1405675262572884,-0.17239394605471103
r2t,HGB,CogCrystalComp_Unadj,7,-0.10500022164106756,-0.04737365855429806,-0.08121793458880444
r2t,KR,CogCrystalComp_Unadj,7,0.046681242781305504,0.03790000493104328,-0.3493939446511225
r2t_corr,linear_BR,CogCrystalComp_Unadj,7,0.09962687765932667,0.1278027053246165,-0.041554737255903085
r2t_corr,HGB,CogCrystalComp_Unadj,7,0.005144399978096009,0.00962230659245833,-0.06803793287498783
r2t_corr,KR,CogCrystalComp_Unadj,7,0.06266375478912929,0.06384875828004526,-1.9873625714444478
FC,linear_BR,CogCrystalComp_Unadj,7,0.43304684503266844,0.40510165508288654,0.17344830208586026
FC,HGB,CogCrystalComp_Unadj,7,0.2027454360028907,0.20178245648806994,0.015169796007667324
FC,KR,CogCrystalComp_Unadj,7,0.28816094909840556,0.2790247029262744,-3.7270203710204086
SC_r2t,linear_BR,CogCrystalComp_Unadj,7,0.15678715639881716,0.1405675262572884,-0.17239342894068876
SC_r2t,HGB,CogCrystalComp_Unadj,7,-0.10500022164106756,-0.04737365855429806,-0.08121793458880444
SC_r2t,KR,CogCrystalComp_Unadj,7,0.04668153979081532,0.03790000493104328,-0.3493942809898223
bv+demo,linear_BR,CogTotalComp_Unadj,8,0.2964212975376325,0.28146153762199067,0.08226487440456964
bv+demo,HGB,CogTotalComp_Unadj,8,0.2521948603184378,0.17960945937078993,0.055549329242465806
bv+demo,KR,CogTotalComp_Unadj,8,0.2052313669917382,0.20321005216735483,-0.14280591536596976
SC,linear_BR,CogTotalComp_Unadj,8,0.22504318121193873,0.1694377873357969,0.03952238722285584
SC,HGB,CogTotalComp_Unadj,8,0.10670792648239488,0.1166635914119303,0.00799725333168233
SC,KR,CogTotalComp_Unadj,8,0.11191868485056986,0.0771638350761307,-1.5419077864127804
r2t,linear_BR,CogTotalComp_Unadj,8,0.1886796783151018,0.16849255727185827,-0.02499741754000251
r2t,HGB,CogTotalComp_Unadj,8,0.08568403136573532,0.100703878498057,-0.020105647710176644
r2t,KR,CogTotalComp_Unadj,8,-0.011039521069319427,-0.033420452744979845,-0.2300592213462016
r2t_corr,linear_BR,CogTotalComp_Unadj,8,0.19949670823968507,0.2162576180095785,0.036990571603245925
r2t_corr,HGB,CogTotalComp_Unadj,8,0.07664274006892864,0.048273704718315005,-0.0035754857442273913
r2t_corr,KR,CogTotalComp_Unadj,8,0.1430426774282099,0.15198282140171948,-0.844488114601851
FC,linear_BR,CogTotalComp_Unadj,8,0.3403245432976653,0.2416270842817107,0.10218515597794287
FC,HGB,CogTotalComp_Unadj,8,0.13928393191406271,0.1107241649157741,0.007638745077035991
FC,KR,CogTotalComp_Unadj,8,0.3112840807733728,0.22465617786916595,-1.5833806427138564
SC_r2t,linear_BR,CogTotalComp_Unadj,8,0.18868033830542075,0.16849255727185827,-0.024997084477283993
SC_r2t,HGB,CogTotalComp_Unadj,8,0.11081331520912507,0.12356572994585692,-0.014461202400528617
SC_r2t,KR,CogTotalComp_Unadj,8,-0.011040125656279124,-0.033379761226532266,-0.23006042773073254
bv+demo,linear_BR,CogFluidComp_Unadj,8,0.2752364499609926,0.2852806074578498,0.07296497860110551
bv+demo,HGB,CogFluidComp_Unadj,8,0.22360218305193963,0.22021034945165577,0.042232363557442976
bv+demo,KR,CogFluidComp_Unadj,8,0.17403906687826204,0.20608667013615298,-0.14460666574478087
SC,linear_BR,CogFluidComp_Unadj,8,0.1287673317982071,0.08984236746040493,0.008511138637568694
SC,HGB,CogFluidComp_Unadj,8,0.005261019288322746,0.012403754654667875,-0.015585656876777376
SC,KR,CogFluidComp_Unadj,8,0.04787616032358685,0.029908177318177045,-1.9785956955065966
r2t,linear_BR,CogFluidComp_Unadj,8,0.10496776963215454,0.08547143315619514,-0.09148628418723947
r2t,HGB,CogFluidComp_Unadj,8,-0.11519392697437277,-0.18876127785933244,-0.036739984191090924
r2t,KR,CogFluidComp_Unadj,8,-0.058967564778990275,-0.09818410399132506,-0.37245278206613075
r2t_corr,linear_BR,CogFluidComp_Unadj,8,0.14716482957708166,0.13751742630449906,0.015037472592871803
r2t_corr,HGB,CogFluidComp_Unadj,8,0.01991461681862496,0.019540348276189938,-0.018648792861925667
r2t_corr,KR,CogFluidComp_Unadj,8,0.10338679241459484,0.09753304162793616,-1.1467469234095695
FC,linear_BR,CogFluidComp_Unadj,8,0.2775230487737087,0.21013970289573927,0.06896183441149806
FC,HGB,CogFluidComp_Unadj,8,0.10462489481529018,0.08918282772249274,0.00816690330751102
FC,KR,CogFluidComp_Unadj,8,0.2346934942298804,0.1744287627163683,-2.2491382900922283
SC_r2t,linear_BR,CogFluidComp_Unadj,8,0.10496747777086007,0.08547143315619514,-0.09148618726127289
SC_r2t,HGB,CogFluidComp_Unadj,8,-0.11519392697437277,-0.18876127785933244,-0.036739984191090924
SC_r2t,KR,CogFluidComp_Unadj,8,-0.05896789543378677,-0.09818410399132506,-0.372453322284682
bv+demo,linear_BR,CogCrystalComp_Unadj,8,0.295711649926313,0.2626882773715975,0.07347082662785065
bv+demo,HGB,CogCrystalComp_Unadj,8,0.2653719252736423,0.2323976971414484,0.06007871298409018
bv+demo,KR,CogCrystalComp_Unadj,8,0.16725657925575727,0.1718498450171627,-0.339009253841414
SC,linear_BR,CogCrystalComp_Unadj,8,0.2233943865034277,0.2075124425824803,0.045388958147145164
SC,HGB,CogCrystalComp_Unadj,8,0.19910359396884472,0.18985229125245623,0.014094013498963887
SC,KR,CogCrystalComp_Unadj,8,0.19490713244568258,0.19062832154596304,-2.684218210018321
r2t,linear_BR,CogCrystalComp_Unadj,8,0.22125912916935242,0.19705019475688093,-0.002054284861692901
r2t,HGB,CogCrystalComp_Unadj,8,0.16511587031582473,0.16342518246690235,0.02646607258076794
r2t,KR,CogCrystalComp_Unadj,8,0.01861010603880667,0.0074341921860764035,-0.32857716770902656
r2t_corr,linear_BR,CogCrystalComp_Unadj,8,0.168436934015591,0.1677762928821122,0.027460085879879026
r2t_corr,HGB,CogCrystalComp_Unadj,8,0.10006074539305053,0.09771054138201805,0.009787679084479084
r2t_corr,KR,CogCrystalComp_Unadj,8,0.12389548200223019,0.09926633173595062,-1.4224757934604404
FC,linear_BR,CogCrystalComp_Unadj,8,0.4204827591819297,0.3620865099812099,0.17559706435316813
FC,HGB,CogCrystalComp_Unadj,8,0.18227363411086075,0.1442137797576785,0.03281507301281761
FC,KR,CogCrystalComp_Unadj,8,0.3286514830231843,0.2780980217712332,-3.013861559426478
SC_r2t,linear_BR,CogCrystalComp_Unadj,8,0.22125947868593604,0.19705019475688093,-0.002053862733456757
SC_r2t,HGB,CogCrystalComp_Unadj,8,0.1407191860198662,0.13755885469636442,0.019739674796319884
SC_r2t,KR,CogCrystalComp_Unadj,8,0.01860925378553088,0.0074341921860764035,-0.32857854879966286
bv+demo,linear_BR,CogTotalComp_Unadj,9,0.40281453964882263,0.35244603465972296,0.15664892802596608
bv+demo,HGB,CogTotalComp_Unadj,9,0.36706442233675396,0.3442949977835717,0.1269598342710907
bv+demo,KR,CogTotalComp_Unadj,9,0.3006410839664334,0.2684103514672348,0.02138476597953598
SC,linear_BR,CogTotalComp_Unadj,9,0.35361307055546554,0.32393099620755567,0.10418671662611478
SC,HGB,CogTotalComp_Unadj,9,0.13927999793898077,0.12704634081295263,0.015041384674976177
SC,KR,CogTotalComp_Unadj,9,0.27937097451447573,0.2640924510107272,-0.8648418381462895
r2t,linear_BR,CogTotalComp_Unadj,9,0.21904707502815962,0.21270162542242227,-0.022075070819167264
r2t,HGB,CogTotalComp_Unadj,9,0.06233022224012651,0.03723292569722752,-0.01101377236283807
r2t,KR,CogTotalComp_Unadj,9,-0.06465992408006462,-0.060769388263126195,-0.2655468413144886
r2t_corr,linear_BR,CogTotalComp_Unadj,9,0.09945370874674771,0.1030494279491065,-0.009483987045829645
r2t_corr,HGB,CogTotalComp_Unadj,9,0.11247012688432136,0.08382349978388415,0.003266855219699827
r2t_corr,KR,CogTotalComp_Unadj,9,-0.009635816735428064,0.008641379595775552,-0.603838491713488
FC,linear_BR,CogTotalComp_Unadj,9,0.5438507540151559,0.5046309064525947,0.2543982727155102
FC,HGB,CogTotalComp_Unadj,9,0.36441831586288626,0.3569392651458414,0.06778670176707935
FC,KR,CogTotalComp_Unadj,9,0.41126036828290574,0.3415516641834478,-1.0556260576304544
SC_r2t,linear_BR,CogTotalComp_Unadj,9,0.2190476035605981,0.21270162542242227,-0.02207428803656497
SC_r2t,HGB,CogTotalComp_Unadj,9,0.06227536282208274,0.037508672016524615,-0.011041083010354003
SC_r2t,KR,CogTotalComp_Unadj,9,-0.06465838408312755,-0.060769388263126195,-0.26554475182907766
bv+demo,linear_BR,CogFluidComp_Unadj,9,0.3436962774082783,0.29926794118062133,0.1141589648243424
bv+demo,HGB,CogFluidComp_Unadj,9,0.261218697725948,0.2297758147716582,0.06489229227836524
bv+demo,KR,CogFluidComp_Unadj,9,0.23991814569108222,0.24114630378783214,-0.0057065831077824924
SC,linear_BR,CogFluidComp_Unadj,9,0.2731480211881999,0.2337862697448383,0.05557655413189788
SC,HGB,CogFluidComp_Unadj,9,0.06601616647109307,0.0588725180583069,0.002450264872593144
SC,KR,CogFluidComp_Unadj,9,0.16253708734258746,0.16503975860851974,-1.3593276270701269
r2t,linear_BR,CogFluidComp_Unadj,9,0.14690692193163127,0.13014494151143674,-0.08572991953255893
r2t,HGB,CogFluidComp_Unadj,9,0.03235410833814656,0.06082945416174687,-0.01392507914239638
r2t,KR,CogFluidComp_Unadj,9,-0.06387914617519955,-0.04165081196677789,-0.34574633930875054
r2t_corr,linear_BR,CogFluidComp_Unadj,9,0.08339882213217568,0.08263622458038342,-0.0009618441077430262
r2t_corr,HGB,CogFluidComp_Unadj,9,0.08527682532059226,0.005286955496178521,-0.0002409166193975132
r2t_corr,KR,CogFluidComp_Unadj,9,-0.013656873941131284,0.00034584828655904505,-0.8942409565035072
FC,linear_BR,CogFluidComp_Unadj,9,0.40722679000190004,0.3981590352292799,0.13772301342685467
FC,HGB,CogFluidComp_Unadj,9,0.1165372249885449,0.15099483727593271,0.003028675108828427
FC,KR,CogFluidComp_Unadj,9,0.25237707624744155,0.24073989220685266,-1.7695057640184104
SC_r2t,linear_BR,CogFluidComp_Unadj,9,0.14690642887206873,0.13014494151143674,-0.08573040262287845
SC_r2t,HGB,CogFluidComp_Unadj,9,0.03235410833814656,0.06082945416174687,-0.01392507914239638
SC_r2t,KR,CogFluidComp_Unadj,9,-0.0638782956859652,-0.04165081196677789,-0.34574461009818247
bv+demo,linear_BR,CogCrystalComp_Unadj,9,0.3214504469656885,0.3234485044873096,0.07001744281259503
bv+demo,HGB,CogCrystalComp_Unadj,9,0.30628513982325034,0.29446497553384027,0.0679773404009435
bv+demo,KR,CogCrystalComp_Unadj,9,0.20289250763167982,0.15094040414903206,-0.19360871782423206
SC,linear_BR,CogCrystalComp_Unadj,9,0.3114660869147582,0.294535121120068,0.09104941697255708
SC,HGB,CogCrystalComp_Unadj,9,0.16460228250603315,0.11415538941443905,0.021589791872142716
SC,KR,CogCrystalComp_Unadj,9,0.28849820982456925,0.26694695773297483,-2.1570210729035764
r2t,linear_BR,CogCrystalComp_Unadj,9,0.22733067963829182,0.20131470109737726,-0.04974023736515276
r2t,HGB,CogCrystalComp_Unadj,9,0.10841727446246387,0.057432308592466674,0.004262666814826677
r2t,KR,CogCrystalComp_Unadj,9,-0.0763851558401689,-0.11281502861671833,-0.5166320077466555
r2t_corr,linear_BR,CogCrystalComp_Unadj,9,0.1055625733433871,0.09304191775236408,0.0010863925214267267
r2t_corr,HGB,CogCrystalComp_Unadj,9,0.08881357596061464,0.08663098531959587,0.003555327187898527
r2t_corr,KR,CogCrystalComp_Unadj,9,-0.009025635432773953,-0.019063086208724562,-1.3498903112839957
FC,linear_BR,CogCrystalComp_Unadj,9,0.56105054629047,0.53238063059385,0.29211391678476273
FC,HGB,CogCrystalComp_Unadj,9,0.1926099968072773,0.19363432216251872,0.02057012507115996
FC,KR,CogCrystalComp_Unadj,9,0.40427898993703754,0.37397341272624296,-2.7851081789441916
SC_r2t,linear_BR,CogCrystalComp_Unadj,9,0.22732862908912344,0.20131470109737726,-0.0497425815856678
SC_r2t,HGB,CogCrystalComp_Unadj,9,0.10841727446246387,0.057432308592466674,0.004262666814826677
SC_r2t,KR,CogCrystalComp_Unadj,9,-0.07638497540434129,-0.11281502861671833,-0.5166307248952124
