rep,estimator,direction,seed,mse,r2,pearson,avg_rank,top1_acc,demeaned_pearson
SC,linear_PLS,FC->SC,0,0.005551474168896675,-0.023459112271666527,0.9127845168113708,0.8533070348454964,0.15384615384615385,0.1322067528963089
SC,linear_PLS,SC->FC,0,0.01397903636097908,-0.06215914711356163,0.8307310938835144,0.7124260355029586,0.03076923076923077,0.08489642292261124
SC,KR,FC->SC,0,0.00541910482570529,0.00017432316963095218,0.9151973128318787,0.8942274819197896,0.14871794871794872,0.13118167221546173
SC,KR,SC->FC,0,0.013453671708703041,-0.022363610565662384,0.8373467922210693,0.7173964497041421,0.035897435897435895,0.07829546183347702
r2t,linear_PLS,FC->r2t,0,534467.0,0.2971825897693634,0.8464491367340088,0.7128468113083498,0.03076923076923077,0.11234594136476517
r2t,linear_PLS,r2t->FC,0,0.015064779669046402,-0.14031565189361572,0.8176239728927612,0.6081788297172912,0.015384615384615385,0.03969129920005798
r2t,KR,FC->r2t,0,515915.25,0.5913451910018921,0.8529207706451416,0.7331229454306377,0.05641025641025641,0.11282935738563538
r2t,KR,r2t->FC,0,0.013753319159150124,-0.04307398945093155,0.8332114815711975,0.6183826429980277,0.015384615384615385,0.04796727001667023
r2t_corr,linear_PLS,FC->r2t_corr,0,0.017297422513365746,-0.22749556601047516,0.807390570640564,0.6957790927021696,0.02564102564102564,0.053894806653261185
r2t_corr,linear_PLS,r2t_corr->FC,0,0.014501422643661499,-0.09804592281579971,0.8241947293281555,0.5935042735042735,0.020512820512820513,0.035489875823259354
r2t_corr,KR,FC->r2t_corr,0,0.016710201278328896,-0.11138313263654709,0.8143221139907837,0.7262064431295201,0.02564102564102564,0.05379524081945419
r2t_corr,KR,r2t_corr->FC,0,0.013668319210410118,-0.03660985082387924,0.8345251083374023,0.6225115055884287,0.015384615384615385,0.04226108267903328
SC,linear_PLS,FC->SC,1,0.0055367471650242805,-0.014408671297132969,0.9123328328132629,0.8906245890861275,0.1282051282051282,0.13707807660102844
SC,linear_PLS,SC->FC,1,0.01444594468921423,-0.05236267298460007,0.8224368095397949,0.7213149243918475,0.05128205128205128,0.08621387183666229
SC,KR,FC->SC,1,0.005433402955532074,0.002786180702969432,0.9142820835113525,0.9064299802761341,0.15897435897435896,0.12776610255241394
SC,KR,SC->FC,1,0.014023608528077602,-0.021390656009316444,0.8276386260986328,0.7051939513477975,0.041025641025641026,0.07325349748134613
r2t,linear_PLS,FC->r2t,1,528122.5,0.3242255449295044,0.8437992334365845,0.7441420118343196,0.015384615384615385,0.1096457913517952
r2t,linear_PLS,r2t->FC,1,0.01534152589738369,-0.11399699002504349,0.8114857077598572,0.6277186061801446,0.015384615384615385,0.05158357694745064
r2t,KR,FC->r2t,1,509587.21875,0.6218482255935669,0.8494408130645752,0.7517422748191979,0.03076923076923077,0.11376708745956421
r2t,KR,r2t->FC,1,0.01431293599307537,-0.04027920588850975,0.8240353465080261,0.6345825115055884,0.005128205128205128,0.04677886143326759
r2t_corr,linear_PLS,FC->r2t_corr,1,0.017520785331726074,-0.07405231893062592,0.8051842451095581,0.7234451019066404,0.020512820512820513,0.05827754735946655
r2t_corr,linear_PLS,r2t_corr->FC,1,0.015164008364081383,-0.0994567945599556,0.8134973645210266,0.5857199211045365,0.005128205128205128,0.024384576827287674
r2t_corr,KR,FC->r2t_corr,1,0.016907410696148872,-0.03133121877908707,0.8123223185539246,0.7667850098619329,0.035897435897435895,0.06356053799390793
r2t_corr,KR,r2t_corr->FC,1,0.014296988025307655,-0.03860718011856079,0.8241384625434875,0.6076265614727153,0.035897435897435895,0.03177456930279732
SC,linear_PLS,FC->SC,2,0.005528537556529045,-0.03353936970233917,0.9123838543891907,0.8578829717291255,0.07692307692307693,0.12221765518188477
SC,linear_PLS,SC->FC,2,0.0143186179921031,-0.05061308294534683,0.8277159333229065,0.7081919789612097,0.05128205128205128,0.08343001455068588
SC,KR,FC->SC,2,0.005358249880373478,-0.004041837528347969,0.9151966571807861,0.9083760683760684,0.15897435897435896,0.12698863446712494
SC,KR,SC->FC,2,0.01381649449467659,-0.015114323236048222,0.8343623280525208,0.7328862590401052,0.046153846153846156,0.08418166637420654
r2t,linear_PLS,FC->r2t,2,545749.0,0.2583622634410858,0.845878005027771,0.7416173570019724,0.010256410256410256,0.10782069712877274
r2t,linear_PLS,r2t->FC,2,0.015450926497578621,-0.13036195933818817,0.814567506313324,0.602051282051282,0.015384615384615385,0.0475134439766407
r2t,KR,FC->r2t,2,526587.4375,0.548748254776001,0.851841151714325,0.7676002629848784,0.041025641025641026,0.11133892089128494
r2t,KR,r2t->FC,2,0.014177457429468632,-0.03948777914047241,0.8296224474906921,0.6171729125575279,0.020512820512820513,0.04689789190888405
r2t_corr,linear_PLS,FC->r2t_corr,2,0.01715557835996151,-0.06718660891056061,0.8082272410392761,0.707560815253123,0.02564102564102564,0.05555726960301399
r2t_corr,linear_PLS,r2t_corr->FC,2,0.0147913359105587,-0.08390774577856064,0.8222549557685852,0.614490466798159,0.010256410256410256,0.04051646217703819
r2t_corr,KR,FC->r2t_corr,2,0.01653428189456463,-0.028292929753661156,0.8155487775802612,0.7487179487179487,0.05128205128205128,0.060051556676626205
r2t_corr,KR,r2t_corr->FC,2,0.014062526635825634,-0.03123719058930874,0.8316274881362915,0.6391584483892176,0.02564102564102564,0.046021051704883575
SC,linear_PLS,FC->SC,3,0.005576807539910078,-0.012368805706501007,0.9125555753707886,0.8823931623931623,0.10256410256410256,0.13632209599018097
SC,linear_PLS,SC->FC,3,0.014168135821819305,-0.06334134191274643,0.8249361515045166,0.6976199868507561,0.05641025641025641,0.07326773554086685
SC,KR,FC->SC,3,0.005452193785458803,0.004269481170922518,0.9148364067077637,0.9204470742932281,0.15897435897435896,0.13782672584056854
SC,KR,SC->FC,3,0.013570353388786316,-0.01852148212492466,0.8318893313407898,0.7301249178172255,0.046153846153846156,0.08608067035675049
r2t,linear_PLS,FC->r2t,3,515036.5625,0.6205102205276489,0.8457684516906738,0.7380933596318211,0.06153846153846154,0.12107005715370178
r2t,linear_PLS,r2t->FC,3,0.014980987645685673,-0.1217256560921669,0.8140917420387268,0.6098093359631822,0.020512820512820513,0.05358542874455452
r2t,KR,FC->r2t,3,497277.40625,0.7365980744361877,0.8517431020736694,0.751689677843524,0.041025641025641026,0.1176437959074974
r2t,KR,r2t->FC,3,0.013877159915864468,-0.040252380073070526,0.8277733325958252,0.6416831032215647,0.03076923076923077,0.053943291306495667
r2t_corr,linear_PLS,FC->r2t_corr,3,0.017360785976052284,-0.06630460917949677,0.8067636489868164,0.7316239316239317,0.05128205128205128,0.06381207704544067
r2t_corr,linear_PLS,r2t_corr->FC,3,0.014543522149324417,-0.08925273269414902,0.8202214241027832,0.6158053911900065,0.010256410256410256,0.038377054035663605
r2t_corr,KR,FC->r2t_corr,3,0.016793444752693176,-0.026386097073554993,0.8134355545043945,0.7868770545693622,0.05641025641025641,0.0734376385807991
r2t_corr,KR,r2t_corr->FC,3,0.013774728402495384,-0.03253268077969551,0.8295745253562927,0.6676660092044708,0.03076923076923077,0.0528937429189682
SC,linear_PLS,FC->SC,4,0.005429315380752087,-0.023700281977653503,0.9133103489875793,0.8900197238658777,0.11794871794871795,0.1402299553155899
SC,linear_PLS,SC->FC,4,0.01427091658115387,-0.04866055026650429,0.8317715525627136,0.7438001314924392,0.05641025641025641,0.09147221595048904
SC,KR,FC->SC,4,0.005297883879393339,-0.0015913204988464713,0.9156292080879211,0.9146351084812623,0.15897435897435896,0.13458487391471863
SC,KR,SC->FC,4,0.01387391984462738,-0.019909225404262543,0.8367122411727905,0.7332544378698225,0.07692307692307693,0.08479122072458267
r2t,linear_PLS,FC->r2t,4,549201.6875,0.32251694798469543,0.8427839279174805,0.7123208415516107,0.02564102564102564,0.1096920520067215
r2t,linear_PLS,r2t->FC,4,0.015480071306228638,-0.13104568421840668,0.8160768151283264,0.6051545036160421,0.0,0.0509936660528183
r2t,KR,FC->r2t,4,528389.375,0.6120283007621765,0.8496748208999634,0.7477449046679816,0.020512820512820513,0.1116240993142128
r2t,KR,r2t->FC,4,0.014221747405827045,-0.04190865159034729,0.8317927718162537,0.6312426035502958,0.015384615384615385,0.05356725677847862
r2t_corr,linear_PLS,FC->r2t_corr,4,0.017353734001517296,-1040.4295654296875,0.8069875836372375,0.6927547666009204,0.02564102564102564,0.05356119945645332
r2t_corr,linear_PLS,r2t_corr->FC,4,0.014832873828709126,-0.08649733662605286,0.8247793316841125,0.6227218934911243,0.020512820512820513,0.0449017733335495
r2t_corr,KR,FC->r2t_corr,4,0.016714898869395256,-529.4710083007812,0.8145427703857422,0.7333070348454964,0.041025641025641026,0.05761095508933067
r2t_corr,KR,r2t_corr->FC,4,0.014131635427474976,-0.03589128702878952,0.8336632251739502,0.650940170940171,0.005128205128205128,0.04670729488134384
SC,linear_PLS,FC->SC,5,0.005553978029638529,-0.014347217977046967,0.9122107625007629,0.8937015121630506,0.14871794871794872,0.15015706419944763
SC,linear_PLS,SC->FC,5,0.014075995422899723,-0.06029745191335678,0.8324829936027527,0.7131886916502301,0.05641025641025641,0.08463431894779205
SC,KR,FC->SC,5,0.00545247970148921,0.0032573335338383913,0.9142248034477234,0.9258119658119658,0.1794871794871795,0.14171202480793
SC,KR,SC->FC,5,0.013547261245548725,-0.021096279844641685,0.8390888571739197,0.7373570019723865,0.05641025641025641,0.07918351888656616
r2t,linear_PLS,FC->r2t,5,526510.1875,0.2943204939365387,0.8455280065536499,0.7115318869165023,0.020512820512820513,0.11021846532821655
r2t,linear_PLS,r2t->FC,5,0.014947323128581047,-0.12372695654630661,0.8214430809020996,0.6272452333990794,0.02564102564102564,0.052678171545267105
r2t,KR,FC->r2t,5,506735.375,0.5597506761550903,0.8523396849632263,0.7407495069033531,0.035897435897435895,0.10876818746328354
r2t,KR,r2t->FC,5,0.013910200446844101,-0.04631618410348892,0.8340831398963928,0.6147271531886916,0.03076923076923077,0.042765095829963684
r2t_corr,linear_PLS,FC->r2t_corr,5,0.017364250496029854,-23.08876609802246,0.8076121807098389,0.7125575279421433,0.010256410256410256,0.058036189526319504
r2t_corr,linear_PLS,r2t_corr->FC,5,0.01441936381161213,-0.08392507582902908,0.8282614946365356,0.6355029585798817,0.015384615384615385,0.049266669899225235
r2t_corr,KR,FC->r2t_corr,5,0.016777049750089645,-10.815808296203613,0.8145396709442139,0.7404602235371467,0.041025641025641026,0.060872308909893036
r2t_corr,KR,r2t_corr->FC,5,0.013742431066930294,-0.03324424475431442,0.8365739583969116,0.6479684418145957,0.03076923076923077,0.04810357838869095
SC,linear_PLS,FC->SC,6,0.005478620063513517,-0.029622603207826614,0.9134926795959473,0.8564102564102565,0.1076923076923077,0.13351984322071075
SC,linear_PLS,SC->FC,6,0.014145704917609692,-0.06198415905237198,0.8307992219924927,0.6869690992767916,0.041025641025641026,0.076863594353199
SC,KR,FC->SC,6,0.005336208734661341,-0.0012088747462257743,0.9160470962524414,0.8972518080210388,0.17435897435897435,0.135305717587471
SC,KR,SC->FC,6,0.01368528138846159,-0.026465319097042084,0.8366699814796448,0.6959368836291913,0.05128205128205128,0.07201867550611496
r2t,linear_PLS,FC->r2t,6,538445.125,0.4925355911254883,0.8441947102546692,0.7131360946745562,0.020512820512820513,0.10200585424900055
r2t,linear_PLS,r2t->FC,6,0.01524848397821188,-0.14025607705116272,0.8172897100448608,0.5948980933596317,0.020512820512820513,0.03784874826669693
r2t,KR,FC->r2t,6,517335.21875,0.6850530505180359,0.8505557179450989,0.7396449704142012,0.035897435897435895,0.10969702154397964
r2t,KR,r2t->FC,6,0.013942297548055649,-0.04491971433162689,0.8333873152732849,0.6494148586456279,0.02564102564102564,0.05332741513848305
r2t_corr,linear_PLS,FC->r2t_corr,6,0.01734134741127491,-40.96036148071289,0.8071699142456055,0.7115581854043392,0.020512820512820513,0.06075839325785637
r2t_corr,linear_PLS,r2t_corr->FC,6,0.01465633511543274,-0.09570427238941193,0.8246683478355408,0.6043392504930967,0.03076923076923077,0.03338801488280296
r2t_corr,KR,FC->r2t_corr,6,0.016799289733171463,-21.12721824645996,0.81357342004776,0.7237080867850099,0.015384615384615385,0.0565706267952919
r2t_corr,KR,r2t_corr->FC,6,0.013958322815597057,-0.04439643397927284,0.8332486748695374,0.5968178829717292,0.02564102564102564,0.030207140371203423
SC,linear_PLS,FC->SC,7,0.00550629710778594,-0.014118809252977371,0.9122567772865295,0.8674293228139383,0.11794871794871795,0.13357289135456085
SC,linear_PLS,SC->FC,7,0.014533364214003086,-0.04997991770505905,0.82090163230896,0.7385667324128863,0.06666666666666667,0.10091429203748703
SC,KR,FC->SC,7,0.0053826309740543365,0.004350909031927586,0.9145355820655823,0.9048257725180802,0.13333333333333333,0.1301809400320053
SC,KR,SC->FC,7,0.01414203830063343,-0.02215977944433689,0.8259011507034302,0.7332807363576594,0.05128205128205128,0.08927314728498459
r2t,linear_PLS,FC->r2t,7,543667.875,0.6005682349205017,0.8411315083503723,0.7152136752136753,0.041025641025641026,0.1124604269862175
r2t,linear_PLS,r2t->FC,7,0.01547361072152853,-0.11594979465007782,0.8099477291107178,0.6378698224852071,0.02564102564102564,0.060110386461019516
r2t,KR,FC->r2t,7,525685.375,0.7333720326423645,0.8474056124687195,0.7443786982248521,0.07692307692307693,0.11384711414575577
r2t,KR,r2t->FC,7,0.014402981847524643,-0.04003024473786354,0.8223829865455627,0.6568310322156476,0.035897435897435895,0.06097129359841347
r2t_corr,linear_PLS,FC->r2t_corr,7,0.017490416765213013,-314.20062255859375,0.8053026795387268,0.7109007232084155,0.06153846153846154,0.05942189320921898
r2t_corr,linear_PLS,r2t_corr->FC,7,0.015149880200624466,-0.09096664935350418,0.8142310380935669,0.6097304404996713,0.02564102564102564,0.037007737904787064
r2t_corr,KR,FC->r2t_corr,7,0.016888799145817757,-180.02838134765625,0.8123696446418762,0.7575016436554898,0.06153846153846154,0.06363724917173386
r2t_corr,KR,r2t_corr->FC,7,0.014436042867600918,-0.04078180342912674,0.8224985599517822,0.6329257067718607,0.03076923076923077,0.04013703018426895
SC,linear_PLS,FC->SC,8,0.005580130033195019,-0.020934268832206726,0.9116998314857483,0.8811308349769889,0.11794871794871795,0.13998465240001678
SC,linear_PLS,SC->FC,8,0.014496534131467342,-0.05510609224438667,0.8307790756225586,0.7249178172255095,0.041025641025641026,0.08476299047470093
SC,KR,FC->SC,8,0.005437442101538181,0.0035347656812518835,0.9141673445701599,0.925733070348455,0.1794871794871795,0.13768741488456726
SC,KR,SC->FC,8,0.014010487124323845,-0.01993914321064949,0.8368697762489319,0.7282840236686391,0.02564102564102564,0.0794118270277977
r2t,linear_PLS,FC->r2t,8,529705.625,-0.47174930572509766,0.8449841737747192,0.7336226166995399,0.03076923076923077,0.11484899371862411
r2t,linear_PLS,r2t->FC,8,0.01541051547974348,-0.11934775859117508,0.8186554908752441,0.6068902038132807,0.020512820512820513,0.04750069975852966
r2t,KR,FC->r2t,8,507573.875,0.37277641892433167,0.8517651557922363,0.7603681788297173,0.05641025641025641,0.11542579531669617
r2t,KR,r2t->FC,8,0.014263786375522614,-0.03686528652906418,0.8331621289253235,0.6438921761998685,0.015384615384615385,0.0567145012319088
r2t_corr,linear_PLS,FC->r2t_corr,8,0.017388757318258286,-4.291780471801758,0.8067263960838318,0.7056410256410257,0.03076923076923077,0.060530129820108414
r2t_corr,linear_PLS,r2t_corr->FC,8,0.01506113726645708,-0.09268967062234879,0.8240036368370056,0.596344510190664,0.010256410256410256,0.03215071186423302
r2t_corr,KR,FC->r2t_corr,8,0.016769468784332275,-2.078982353210449,0.813955545425415,0.7333333333333334,0.041025641025641026,0.05972544476389885
r2t_corr,KR,r2t_corr->FC,8,0.01428136881440878,-0.0380304753780365,0.8337430357933044,0.624431295200526,0.020512820512820513,0.03708406165242195
SC,linear_PLS,FC->SC,9,0.005457290448248386,-0.02316061407327652,0.9130374193191528,0.8762494793835902,0.1326530612244898,0.13466398417949677
SC,linear_PLS,SC->FC,9,0.014365369454026222,-0.05920897051692009,0.826097846031189,0.6929404414827156,0.04081632653061224,0.07565724104642868
SC,KR,FC->SC,9,0.005322662182152271,0.0012748503359034657,0.9153492450714111,0.9123542274052479,0.14795918367346939,0.13219429552555084
SC,KR,SC->FC,9,0.01378732081502676,-0.018215831369161606,0.8334869146347046,0.7324552269887548,0.07142857142857142,0.08291465044021606
r2t,linear_PLS,FC->r2t,9,544080.0625,0.6109567880630493,0.8462012410163879,0.7272750937109538,0.05612244897959184,0.1179245263338089
r2t,linear_PLS,r2t->FC,9,0.015395911410450935,-0.1315171867609024,0.8133884072303772,0.6139629321116201,0.03571428571428571,0.0449659489095211
r2t,KR,FC->r2t,9,527164.0,0.7395969033241272,0.8522441387176514,0.7687682215743441,0.08673469387755102,0.12127447128295898
r2t,KR,r2t->FC,9,0.014144171960651875,-0.04205206409096718,0.8289291262626648,0.6396813827571846,0.04081632653061224,0.04503140226006508
r2t_corr,linear_PLS,FC->r2t_corr,9,0.01739583909511566,-9.65953540802002,0.8072338700294495,0.7069189920866306,0.01020408163265306,0.05513935536146164
r2t_corr,linear_PLS,r2t_corr->FC,9,0.01483824010938406,-0.090846486389637,0.8205438852310181,0.5860318617242816,0.025510204081632654,0.030691655352711678
r2t_corr,KR,FC->r2t_corr,9,0.016809290274977684,-5.47181510925293,0.8141328692436218,0.7482038733860892,0.04591836734693878,0.061788491904735565
r2t_corr,KR,r2t_corr->FC,9,0.014082060195505619,-0.03768780827522278,0.8300214409828186,0.6126353602665555,0.030612244897959183,0.03477058932185173
